Title,Acronym,Rank
International Conference on Advanced Communications and Computation,INFOCOMP,Unranked
"International Conference on Ambient Systems, Networks and Technologies",ANT,Unranked
AAAI Conference on Human Computation and Crowdsourcing,HCOMP,B
"ACIS Conference on Software Engineering Research, Management and Applications",SERA,C
"ACM Conference on Applications, Technologies, Architectures, and Protocols for Computer Communication",SIGCOMM,A*
ACM Conference on Computer and Communications Security,CCS,A*
ACM Conference on Computer Supported Cooperative Work,CSCW,A
ACM Conference on Economics and Computation,EC,A*
ACM Conference on Embedded Networked Sensor Systems,SENSYS,A*
ACM Conference on Embedded Software,EMSOFT,Journal published
ACM Conference on Object Oriented Programming Systems Languages and Applications,OOPSLA,A
ACM Conference on Security and Privacy in Wireless and Mobile Networks,ACM_WiSec,B
ACM Information Technology Education,SIGITE,National: USA
ACM Int'l Symposium on Field Programmable Gate Arrays,FPGA,TBR
"ACM International Conference on Advances in Computer Entertainment (merged with DIMEA, Digital Interactive Media in Entertainment and Arts, in 2009)",ACE,C
ACM International Conference on Advances in Geographic Information Systems,SIGSPATIAL,A
ACM International Conference on Emerging Networking Experiments and Technologies,CoNEXT,A
ACM International Conference on Information and Knowledge Management,CIKM,A
ACM International Conference on Interactive Surfaces and Spaces (was International Workshop on Horizontal Interactive Human-Computer Systems: Tabletop),ISS,Journal Published
ACM International Conference on Knowledge Discovery and Data Mining,KDD,A*
ACM International Conference on Mobile Computing and Networking,MOBICOM,A*
ACM International Conference on Recommender Systems,RecSys,A
ACM International Conference on Research and Development in Information Retrieval,SIGIR,A*
ACM International Conference on Supercomputing,ICS,A
"ACM International Conference on the Foundations of Software Engineering (was ESEC/FSE, changed 2024; duplicate previously listed as ESEC, removed from DB)",FSE,A*
ACM International Conference on Web Search and Data Mining,WSDM,A
ACM International Joint Conference on Pervasive and Ubiquitous Computing (PERVASIVE and UbiComp combined from 2013),UbiComp,journal published
ACM International Symposium on Computer Architecture,ISCA,A*
ACM International Symposium on High Performance Distributed Computing,HPDC,A
ACM International Wireless Communications and Mobile Computing Conference,IWCMC,B
ACM Multimedia,ACMMM,A*
ACM SIG International Conference on Computer Graphics and Interactive Techniques,SIGGRAPH,A*
ACM SIGGRAPH/Eurographics Symposium on Computer Animation,SCA,B
"ACM SIGMOBILE International Conference on Mobile Systems, Applications and Services",Mobisys,A
ACM SIGMOD-SIGACT-SIGART Conference on Principles of Database Systems,PODS,A*
ACM SIGOPS Symposium on Operating Systems Principles,SOSP,A*
"ACM SIGPLAN Conference on Languages, Tools, and Compilers for Embedded Systems",LCTES,B
ACM SIGPLAN Workshop on Partial Evaluation and Program Manipulation,PEPM,C
ACM SIGSIM Conference on Principles of Advanced Discrete Simulation (was Parallel and Distributed Simulation),PADS,B
ACM SIGUCCS Conference on User Services,SIGUCCS,National: USA
ACM Special Interest Group on Computer Science Education Conference,SIGCSE,A
ACM Special Interest Group on Management of Data Conference,SIGMOD,A*
ACM Special Interest Group on Supporting Group Work (was SIGGRoup),Group,B
"ACM Symposium on Access Control Models and Technologies (previously ACM Workshop on Role-Based Access Control, RBAC, changed in 2000)",SACMAT,C
ACM Symposium on Applied Computing,SAC,Multiconference
ACM Symposium on Document Engineering,DocEng,B
ACM Symposium on Mobile Ad Hoc Networking and Computing,MOBIHOC,A
ACM Symposium on Principles of Distributed Computing,PODC,A*
ACM Symposium on Solid and Physical Modelling,SPM,C
ACM Symposium on Theory of Computing,STOC,A*
ACM Symposium on User Interface Software and Technology,UIST,A*
ACM Virtual Reality Software and Technology,VRST,A
ACM Workshop on Hot Topics in Networks,HOTNETS,National: USA
ACM-SIGACT Symposium on Principles of Programming Languages,POPL,A*
ACM-SIGPLAN Conference on Programming Language Design and Implementation,PLDI,A*
ACM-SIGRAPH Interactive 3D Graphics and Games,I3DG,B
ACM/IEEE International Conference on Human-Robot Interaction,HRI,A
"ACM/IEEE International Conference on Modelling, Analysis and Simulation of Wireless and Mobile Systems",MSWIM,A
ACM/IEEE Symposium on Edge Computing,SEC,unranked
ACM/IFIP/USENIX International Middleware Conference,Middleware,A
ACM/SIAM Symposium on Discrete Algorithms,SODA,A*
ACM/SPEC International Conference on Performance Engineering,ICPE,B
ACS/IEEE International Conference on Computer Systems and Applications,AICCSA,C
Advanced Concepts for Intelligent Vision Systems,ACIVS,B
Advanced Visual Interfaces,AVI,B
Advances in Cryptology,CRYPTO,A*
Advances in Modal Logic,AiML,B
Advances in Neural Information Processing Systems (was NIPS),NeurIPS,A*
Algorithmic Learning Theory,ALT,B
Algorithms and Data Structures Symposium (was Workshop on Algorithms and Data Structures),WADS,B
American Medical Informatics Annual Fall Symposium,AMIA,National: USA
Annual Computer Security Applications Conference,ACSAC,A
Annual Conference on Computer Science Logic,CSL,B
Annual Conference on Innovation and Technology in Computer Science Education,ITiCSE,B
"Annual Conference on Privacy, Security and Trust",PST,C
Annual International Workshop on Presence,ISPR,C
Annual Meeting of the Cognitive Science Society,CogSci,B
Annual Meeting of the Special Interest Group on Discourse and Dialog,SIGdial,B
Applications of Information Visualization,IV-App,C
Applications of Natural Language to Data Bases,NLDB,C
Applied Computing Conference,ACC,C
Architectural Support for Programming Languages and Operating Systems,ASPLOS,A*
Artificial Intelligence Applications and Innovations,AIAI,C
"ArtsIT, Interactivity & Game Creation (was International Conference on Arts and Technology)",ArtsIT,C
Asia and South Pacific Design Automation Conference,ASPDAC,C
"Asia Conference on Information, Computer and Communications Security",AsiaCCS,A
Asia Pacific Conference on Communications,APCC,C
Asia Pacific Symposium on Intelligent and Evolutionary Systems (was Australia-Japan Joint Workshop on  Intelligent and Evolutionary Systems),IES,C
Asia-Pacific Bioinformatics Conference,APBC,B
Asia-Pacific Conference on Conceptual Modelling,APCCM,Australasian C
Asia-Pacific Network Operations and Management Symposium,APNOMS,C
Asia-Pacific Services Computing Conference,APSCC,C
Asia-Pacific Software Engineering Conference,APSEC,C
Asian Conference on Computer Vision,ACCV,B
Asian Conference on Intelligent Information and Database Systems,ACIIDS,B
Asian Conference on Machine Learning,ACML,Unranked
ASIAN Symposium on Programming Languages and Systems,APLAS,B
"Asilomar Conference on Signals, Systems and Computing",ACSSC,National: USA
Association for Computational Linguistics,ACL,A*
Association for Computer-Aided Architectural Design Research in Asia (CAADRIA) annual conference,CAADRIA,C
Australasian Computing Education Conference (ACE),ACE,Australasian B
Australasian Conference on Combinatorial Mathematics and Combinatorial Computing,ACCMCC,Australasian C
Australasian Conference on Information Security and Privacy,ACISP,Australasian B
Australasian Conference on Robotics and Automation,ACRA,Australasian C
Australasian Database Conference,ADC,Australasian B
Australasian Document Computing Symposium,ADCS,Australasian B
Australasian Information Security Conference,AISC,Australasian C
Australasian Joint Conference on Artificial Intelligence,AI,Australasian B
Australasian Language Technology Workshop,ALTA,Australasian C
Australasian Speech Science and Technology,SST,Australasian C
Australasian Symposium on Parallel and Distributed Computing (was AusGrid),AusPDC,Australasian C
Australian Computer Human Interaction Conference,OZCHI,Australasian B
Australian Data Mining Conference,AusDM,Australasian C
Australian Institute of Computer Ethics Conference,AICE,Australasian C
Automated Software Engineering Conference,ASE,A*
Automation of Software Test,AST,C
Body Sensor Networks,BSN,C
British Computer Society Conference on Human-Computer Interaction,HCI,National
British Machine Vision Conference,BMVC,A
CHI PLAY: The Annual Symposium on Computer-Human Interaction in Play,CHI PLAY,Journal Published
Cologne-Twente Workshop on Graphs and Combinatorial Optimization,CTW,C
Combinatorial Pattern Matching,CPM,B
Computability in Europe: Logic and Theory of Algorithms,CiE,C
Computational Intelligence in Security for Information Systems,CISIS,National: Spain
Computer Aided Verification,CAV,A*
Computer Algebra in Scientific Computing,CASC,B
"Computer Animation, Information Visualisation, and Digital Effects",CAivDE,C
Computer Graphics International,CGI,C
Computer Sciences and Information Technologies,CSIT,National
Conference for the International Simulation and Gaming Association,ISAGA,C
Conference in Uncertainty in Artificial Intelligence,UAI,A
Conference of the Association for Machine Translation in the Americas,AMTA,National/Regional
Conference of the Association of Asian-Pacific Operational Research Societies,APORS,C
Conference of the European Association for Machine Translation,EAMT,C
Conference of the European Society for Fuzzy Logic and Technologies,EUSFLAT,C
Conference on Agile Software Development,XP,B
Conference on Algebra and Coalgebra in Computer Science,CALCO,B
Conference on Algorithmic Aspects in Information and Management,AAIM,C
Conference on Combinatorial Optimization and Applications,COCOA,C
Conference on Computational Natural Language Learning,CoNLL,B
CONFERENCE ON COMPUTER SCIENCE AND INTELLIGENCE SYSTEMS,FedCSIS,Multi-conference
Conference on File and Storage Technologies,FAST,A
Conference on Fun with Algorithms,FUN,National: Italy
Conference on Games (was Computational Intelligence and Games CIG),COG,C
Conference on Information Sciences and Systems,CISS,National: USA
"Conference on Innovation in Clouds, Internet and Networks",ICIN,National: France
Conference on Innovative Data Systems Research,CIDR,A
Conference on Integer Programming and Combinatorial Optimization,IPCO,A
Conference on Intelligent Computer Mathematics,CICM,C
"Conference on Interactive Theorem Proving (previously TPHOLs, changed in 2009)",ITP,A
Conference on Learning Theory,COLT,A*
Conference on Robot Learning,CoRL,Unranked
Conference on Security and Cryptography for Networks,SCN,National: Italy
"Conference on Software Engineering Education and Training (previously Conference is Software Engineering Education, CSEE, changed in 1997)",CSEET,C
Conference on Software in Telecommunications and Computer Networks,SOFTCOM,National: Croatia
Conference on Theory and Applications of Models of Computation,TAMC,C
Conference on Visualization and Data Analysis,VDA,National: USA
"Cooperative Design, Visualization, and Engineering",CDVE,C
Cryptographers Track at RSA Conference,CT-RSA,B
Current Trends in Theory and Practice of Computer Science,SOFSEM,B
Data Compression Conference,DCC,B
Data Warehousing and Knowledge Discovery,DaWaK,B
"Datenbanksysteme f√ºr Business, Technologie und Web",BTW,National:Germany
Design Automation Conf,DAC,TBR
"Design, Automation and Test in Europe Conference",DATE,B
Designing Interactive Systems,DIS,A
Developments in eSystems Engineering,DeSE,C
Developments in Language Theory,DLT,C
Digital Audio Effects Conference,DAFX,C
Digital Games Research Conference,DIGRA,C
Digital Image Computing Techniques and Applications,DICTA,Australasian C
Discovery Science,DS,B
DNA Computing and Molecular Programming,DNA,B
Dynamic Languages Symposium,DLS,C
Educational Data Mining,EDM,B
"EMAS (merger of DALT, AOSE and PROMAS)",EMAS,B
Empirical Methods in Natural Language Processing,EMNLP,A*
Engineering Interactive Computing Systems,EICS,Journal Published
ETHICOMP Conference,ETHICOMP,C
EURO AMERICAN CONFERENCE ON TELEMATICS AND INFORMATION SYSTEMS,EATIS,C
Euro Virtual Reality,Euro VR,C
"EuroConference on Combinatorics, Graph Theory and Applications",EUroComb,C
Eurographics Symposium on Parallel Graphics and Visualization,EGPGV,C
Eurographics/IEEE Symposium on Visualization,EuroVis,B
Euromicro Conference on Real-Time Systems,ECRTS,B
Euromicro Conference on Software Engineering and Advanced Applications,SEAA,B
"Euromicro International Conference on Parallel, Distributed and Network Based Processing",PDP,C
European Association for Computational Linguistics,EACL,A
European Chapter on Combinatorial Optimization,ECCO,C
European Conference on Artificial Intelligence,ECAI,A
European Conference on Computational Biology,ECCB,C
European Conference on Computer Supported Cooperative Work,ECSCW,B
European Conference on Computer Vision,ECCV,A*
European Conference on Digital Government (was European Conference on e-Government ECEG),ECDG,C
European Conference on Evolutionary Computation in Combinatorial Optimisation,EvoCOP,B
European Conference on Genetic Programming,EUROGP,B
European Conference on Information Retrieval,ECIR,A
European Conference on Machine Learning and Principles and Practice of Knowledge Discovery in Database (PKDD and ECML combined from 2008),ECML PKDD,A
European Conference on Modelling Foundations and Applications,ECMFA,B
European Conference on Multi-Agent Systems,EUMAS,C
European Conference on Object-Oriented Programming,ECOOP,A
European Conference on Operations Research,EURO,C
European Conference on Pattern Languages of Programs,EuroPLop,National: Germany
European Conference on Software Architecture,ECSA,A
European Conference on Symbolic and Quantitative Approaches to Reasoning with Uncertainty,ECSQARU,C
European Conference on Technology Enhanced Learning,EC-TEL,B
European Dependable Computing Conference,EDCC,Unranked
European MPI Users' Group Conference,EuroMPI,C
European SPI,EuroSPI,B
European Symposium on Algorithms,ESA,A
European Symposium on Artificial Neural Networks,ESANN,B
European Symposium on Programming,ESOP,A
European Symposium On Research In Computer Security,ESORICS,A
European Workshop on Computational Geometry,EuroCG,C
European-Japanese Conference on Information Modelling and Knowledge Bases,EJC,C
Eurosys Conference,EuroSys,A
Exploring Modelling Methods in Systems Analysis and Design,EMMSAD,C
Extended Semantic Web Conference (was European Semantic Web Conference),ESWC,B
Extending Database Technology,EDBT,A
Eye Tracking Research and Applications,ETRA,B
Field Programmable Logic and Applications,FPL,TBR
Financial Cryptography and Data Security Conference,FC,A
Flexible Query-Answering Systems,FQAS,C
Florida Artificial Intelligence Research Society Conference,FlAIRS,National: USA
Formal Methods in Computer-Aided Design,FMCAD,B
Forum on Specification and Design Languages,FDL,C
Foundations of Genetic Algorithms,FOGA,A
Foundations of Software Science and Computational Structures,FOSSACS,A
Foundations of Software Technology and Theoretical Computer Science,FST&TCS,National: India
Frontiers in Education,FIE,C
Fundamental Approaches to Software Engineering,FASE,B
Genetic and Evolutionary Computations,GECCO,A
Geometry Modeling and Processing,GMP,C
"GI International Conference on Detection of Intrusions and Malware, and Vulnerability Assessment",DIMVA,C
Graph Drawing,GD,A
Graphics Interface,GI,B
Haskell Workshop,HASKELL,C
HCist - International Conference on Health and Social Care Information Systems and Technologies,HCist,Unranked
Health Informatics Conference,HIC,Australasian C
Heterogeneity in Computing Workshop,HCW,C
Human System Interaction,HSI,C
Human-Agent Interaction,HAI,B
IADIS International Conference Applied Computing,IADIS AC,C
IberoAmerican Congress on Pattern Recognition,CIARP,C
"ICT in Education, Research, and Industrial Applications",ICTERI,National: Ukraine
IEEE Automatic Speech Recognition and Understanding Workshop,ASRU,C
IEEE Bioinformatics and Bioengineering,BIBE,C
IEEE Computer Security Foundations Symposium (was CSFW),CSF,A
IEEE Conference of the Open Innovations Association FRUCT,FRUCT,Regional
IEEE Conference on Cognitive and Computational Aspects of Situation Management,CogSIMA,National:USA
IEEE Conference on Computational Complexity,CCC,A
IEEE Conference on Computer Vision and Pattern Recognition,CVPR,A*
IEEE Conference on Local Computer Networks,LCN,B
IEEE Conference on Mass Storage Systems and Technologies,MSST,National: USA
"IEEE Conference on Systems, Man and Cybernetics",SMC,B
IEEE Conference on Virtual Reality and 3D User Interfaces,VR,A*
IEEE Congress on Evolutionary Computation,CEC,B
IEEE Congress on Services,SERVICES,B
IEEE Consumer Communications and Networking Conference,IEEE CCNC,B
IEEE European Symposium on Security and Privacy,EuroS&P,A
IEEE European Test Symposium,ETS,TBR
IEEE Global Internet Symposium,GI,C
IEEE Global Telecommunications Conference,GLOBECOM,B
IEEE Industrial Electronics Society,IECON,TBR
IEEE Industry Applications Society Annual Conference,IAS,National: USA
"IEEE International Conference on Acoustics, Speech and Signal Processing",ICASSP,B
IEEE International Conference on Advanced Learning Technologies,ICALT,B
IEEE International Conference on Advanced Video and Signal Based Surveillance,AVSS,B
IEEE International Conference on Automatic Face and Gesture Recognition,FG,B
IEEE International Conference on Automation Science and Engineering,CASE,TBR
IEEE International Conference on Big Data,BigData,B
IEEE International Conference on Blockchain and Cryptocurrency,ICBC,C
IEEE International Conference on Cloud Computing,CLOUD,B
IEEE International Conference on Cloud Computing in Emerging Markets,CCEM,National:India
IEEE International Conference on Cloud Computing Technology and Science (International Conference on Cloud Computing pre 2010),CloudCom,C
IEEE International Conference on Cluster Computing,CLUSTER,B
IEEE International Conference on Cognitive Informatics,ICCI,C
IEEE International Conference on Computer and Information Technology,CIT,C
IEEE International Conference on Computer Communications,INFOCOM,A*
IEEE International Conference on Computer Design,ICCD,TBR
IEEE International Conference on Computer Vision,ICCV,A*
IEEE International Conference on Cybernetics and Intelligent Systems,CIS,C
IEEE International Conference on Data Mining,ICDM,A*
IEEE International Conference on Data Science and Advanced Analytics,DSAA,B
IEEE International Conference on Data Science and Engineering,ICDSE,National:India
IEEE International Conference on Distributed Computing in Sensor Systems,DCOSS,B
IEEE International Conference on Document Analysis and Recognition,ICDAR,A
IEEE International Conference on e-Science and Grid Computing,e-Science,B
IEEE international conference on ehealth networking applications and services (was International Workshop on Enterprise Networking and Computing in Health Care Industry; changed 2006),HealthCom,C
IEEE International Conference on Emerging Technologies and Factory Automation,ETFA,TBR
IEEE International Conference on Engineering of Complex Computer Systems,ICECCS,B
IEEE International Conference on Fog and Edge Computing,ICFEC,C
IEEE International Conference on Fuzzy Systems,FUZZ-IEEE,B
IEEE International Conference on Global Software Engineering,ICGSE,C
IEEE International Conference on High Performance Computing and Communications,HPCC,C
IEEE International Conference on Image Processing,ICIP,B
IEEE International Conference on Industrial Informatics,INDIN,TBR
IEEE International Conference on Information Reuse and Integration,IRI,National: USA
IEEE International Conference on Intelligence and Security Informatics,ISI,C
IEEE International Conference on Intelligent Computer Communication and Processing,ICCP,National: Romania
IEEE International Conference on Intelligent Systems,IEEE IS,C
IEEE International Conference on Mobile Ad-hoc and Sensor Systems,MASS,B
IEEE International Conference on Multimedia and Expo,ICME,A
IEEE International Conference on Pervasive Computing and Communications,PERCOM,A*
"IEEE International Conference on Program Comprehension (previously IWPC, changed in 2006)",ICPC,A
IEEE International Conference on Quantum Computing and Engineering,QCE,TBR
IEEE International Conference on Robotics and Automation,ICRA,A*
"IEEE International Conference on Sensing, Communication and Networking",SECON,B
"IEEE International Conference on Software Analysis, Evolution and Reengineering",SANER,A
"IEEE International Conference on Software Maintenance and Evolution (prior to 2014 was ICSM, IEEE International Conference on Software Maintenance)",ICSME,A
IEEE International Conference on Software Services Engineering (previously IEEE International Conference on Services Computing SCC),IEEE SSE,B
IEEE International Conference on Visual Communications and Image Processing (was SPIE ... pre 2011),VCIP,C
IEEE International Conference on Web Services,ICWS,A
"IEEE International Conference on Wireless and Mobile Computing, Networking and Communications",WiMob,B
IEEE International Enterprise Distributed Object Computing Conference,EDOC,B
IEEE International Geoscience and Remote Sensing Symposium,IGARSS,C
IEEE International Joint Conference on Neural Networks,IJCNN,B
IEEE International On-Line Testing Symposium,IOLTS,C
IEEE International Parallel and Distributed Processing Symposium (was IPPS and SPDP),IPDPS,A
IEEE International Performance Computing and Communications Conference,IPCCC,C
IEEE International Requirements Engineering Conference,RE,A
IEEE International Scientific Conference on Informatics,Informatics,National:Slovakia
"IEEE International Symposium on a World of Wireless, Mobile and Multimedia Networks",WoWMoM,B
IEEE International Symposium on Adaptive Dynamic Programming and Reinforcement Learning,IEEE ADPRL,C
IEEE International Symposium on Artificial Life,IEEE Alife,C
IEEE International Symposium on Circuits and Systems,ISCAS,TBR
"IEEE International Symposium on Cluster, Cloud and Grid Computing",CCGRID,B
IEEE International Symposium on Information Theory,ISIT,B
IEEE International Symposium on Multimedia,ISM,C
IEEE International Symposium on Network Computing and Applications,NCA,B
IEEE International Symposium on Parallel and Distributed Processing with Applications,ISPA,C
IEEE International Symposium on Performance Analysis of Systems and Software,ISPASS,B
IEEE International Symposium on Personal and Indoor Mobile Radio Conference,PIMRC,B
IEEE International Symposium on Rapid System Prototyping (was IEEE Symposium on Rapid Prototyping),RSP,C
IEEE International Symposium on Real-Time Distributed Computing,ISORC,C
IEEE International Symposium on Wearable Computers,ISWC,Journal Published
IEEE International Test Conference,ITC,TBR
IEEE International Working Conference on Mining Software Repositories,MSR,A
IEEE International Working Conference on Software Visualisation,VISSOFT,B
IEEE International Working Conference on Source Code Analysis and Manipulation,SCAM,C
IEEE International Workshop on Quality of Service,IWQoS,B
IEEE LAN/MAN Workshop,LANMAN,C
IEEE Network Operations and Management Symposium,NOMS,B
IEEE Pacific Visualization Symposium (was APVIS),PacificVis,B
IEEE Real-Time and Embedded Technology and Applications Symposium,RTAS,A
IEEE Region 10 Conference,Tencon,C
IEEE Software Engineering Workshop,SEW,C
IEEE Swarm Intelligence Symposium,IEEE SIS,C
IEEE Symposium on Computational Intelligence and Data Mining,CIDM,C
IEEE Symposium on Computational Intelligence for Financial Engineering,IEEE CIFEr,C
IEEE Symposium on Computational intelligence for Multimedia Signal and Vision Processing,IEEE CIMSIVP,C
IEEE Symposium on Computational Intelligence for Security and Defence Applications,IEEE CISDA,C
IEEE Symposium on Computational Intelligence in Bioinformatics and Computational Biology,CIBCB,C
IEEE Symposium on Computational Intelligence in Control and Automation,IEEE CICA,C
IEEE Symposium on Computational Intelligence in Cyber Security,IEEE CICS,C
IEEE Symposium on Computer Arithmetic,ARITH,C
IEEE Symposium on Computers and Communications,ISCC,C
IEEE Symposium on Field Programmable Custom Computing Machines,FCCM,B
IEEE Symposium on Foundations of Computer Science,FOCS,A*
IEEE Symposium on High-Performance Interconnects,HOTI,National: USA
IEEE Symposium on Logic in Computer Science,LICS,A*
IEEE Symposium on Security and Privacy,SP,A*
IEEE Symposium on Visual Languages and Human-Centric Computing (was VL),VL/HCC,B
IEEE Vehicular Technology Conference,VTC,B
IEEE Visualization,IEEE VIS,A
IEEE VLSI Test Symposium,VTS,TBR
IEEE Wireless Communications and Networking Conference,WCNC,B
IEEE Workshop on Applications of Computer Vision,WACV,A
IEEE Workshop on High Performance Switching and Routing,HPSR,C
IEEE/ACIS International Conference on Computer and Information Science,ICIS,C
IEEE/ACM International Conference on Advances in Social Networks Analysis and Mining,ASONAM,B
"IEEE/ACM International Conference on Big Data Computing, Applications and Technologies",BDCAT,C
IEEE/ACM International Conference on Computer-Aided Design,ICCAD,A
IEEE/ACM International Symposium on Mixed and Augmented Reality,ISMAR,A*
IEEE/IFIP International Conference on Dependable Systems and Networks,DSN,A
IEEE/IFIP International Conference on Embedded and Ubiquitous Computing,EUC,C
IEEE/RSJ International Conference on Intelligent Robots and Systems,IROS,A
IEEE/WIC/ACM International Conference on Web Intelligence (previously joint with Intelligent Agent Technology WI-IAT),WI,B
IFAC Conference on System Structure and Control,SSSC,C
"IFAC Symposium on Fault Detection, Supervision and Safety of Technical Processes",SAFEProcess,C
IFIP Information Security & Privacy Conference,IFIP SEC,B
IFIP International Conference on Distributed Applications and Interoperable Systems,DAIS,C
IFIP International Conference on Network and Parallel Computing,NPC,C
IFIP International Conference on Networking,Networking,B
"IFIP International Symposium on Computing Performance, Modelling, Measurement and Evaluation",PERFORMANCE,Journal Published
"IFIP Joint International Conference on Formal Description Techniques and Protocol Specification, Testing, And Verification",FORTE,C
IFIP TC13 Conference on Human-Computer Interaction,Interact,B
IFIP WG 11.3 Working Conference on Data and Applications Security (also known as DBSEC),DBSEC,B
IFIP WG8.1 Working Conference on the Practice of Enterprise Modeling,PoEM,unranked: not primarily CS
IFIP Working Conferences on Virtual Enterprises,PRO-VE,C
IFIP/IEEE International Conference on Performance Evaluation and Modeling in Wired and Wireless Networks,PEMWN,C
IFIP/IEEE International Symposium on Integrated Management (even years sharing with NOMS),IM,B
IFSA World Congress,IFSA,C
IMA International Conference on Cryptography and Coding,IMACC,C
Image and Vision Computing Conference,IVCNZ,Australasian C
Indian Conference on Human-Computer Interaction,IndiaHCI,National: India
Inductive Logic Programming,ILP,B
Industrial Simulation Conference,ISC,C
Information Hiding and Multimedia Security Workshop,IH&MMSec,C
Information Integration and Web-based Applications and Services,IIWAS,C
Information Processing in Sensor Networks,IPSN,A*
Information Security Conference,ISC,C
Information Security Practice and Experience Conference,ISPEC,C
Information Security Symposium,CERIAS,National: USA
Information Theory Workshop,ITW,B
Information Visualisation Theory and Practice,InfVis,C
Information Visualization in Biomedical Informatics,IVBI,C
Informing Science and Information Technology Education,InSITE,C
Innovations in Theoretical Computer Science,ITCS,A
Innovative Applications in AI,IAAI,C
Int. Workshop on Formal Methods for Industrial Critical Systems,FMICS,C
Integrated Formal Methods,IFM,B
Intelligent Data Analysis,IDA,B
Intelligent Distributed Computing,IDC,Unranked
Intelligent Systems in Molecular Biology,ISMB,journal published
Intelligent Vehicles Conference,IEEE-IV,B
Intelligent Virtual Agents,IVA,B
Intenational Environmental Modelling and Software Society,iEMSs,C
Interaction Design and Children (ACM),IDC,B
Interactive Entertainment,IE,Australasian C
International ACM SIGACCESS Conference on Computers and Accessibility,ASSETS,A
International Baltic Conference on Databases and Information Systems,DB&IS,Regional - Baltic
International Colloquium on Automata Languages and Programming,ICALP,A
International Colloquium on Structural Information and Communication Complexity,SIROCCO,B
International Colloquium on Theoretical Aspects of Computing,ICTAC,C
International Computer Science Symposium in Russia,CSR,National: Russia
International Computer Software and Applications Conference,COMPSAC,B
International Computing Education Research Workshop,ICER,A
"International Conference Abstract State Machines, Alloy, B, TLA, VDM, and Z (Previously International Conference of B and Z Users, ZB, changed in 2008)",ABZ,C
International Conference and Exhibition on High Performance Computing in the Asia-Pacific Region,HPC Asia,C
International Conference and Workshops on Algorithms and Computation,WALCOM,B
"International Conference for High Performance Computing, Networking, Storage and Analysis (was Supercomputing Conference)",SC,A
International Conference Formal Concept Analysis Conference,ICFCA,C
International Conference in Business Process Management,BPM,A
International Conference in Methodologies and Intelligent Systems for Technology Enhanced Learning,MIS4TEL,National: Spain
International Conference of the Immersive Learning Research Network,iLRN,C
International Conference on Advanced and Trusted Computing (was International Conference on Autonomic and Trusted Computing),ATC,C
International Conference on Advanced Computing and Communications,AdCom,National: India
International Conference on Advanced Data Mining and Applications,ADMA,C
International Conference on Advanced Information Networking and Applications (was ICOIN),AINA,B
International Conference on Advanced Information Systems Engineering,CaiSE,A
International Conference on Advanced Technologies For Signal & Image Processing,ATSIP,National: Tunisia
International Conference on Advances in Computer-Human Interactions,ACHI,C
International Conference on Advances in Mobile Computing and Multimedia,MOMM,C
International Conference on Affective Computing and Intelligent,ACII,C
International Conference on Agents and Artificial Intelligence,ICAART,B
International Conference on Algorithms and Architectures for Parallel Processing,ICA3PP,C
International Conference on Algorithms and Complexity (was Italian Conference ),CIAC,C
"International Conference on Analysis of Images, Social Networks and Texts",AIST,National: Russia
International Conference on Applications of Evolutionary Computation,EvoApplications,B
International Conference on Applied Cryptography and Network Security,ACNS,B
International Conference on Artificial Intelligence,IC-AI,National: USA
International Conference on Artificial Intelligence and Law,ICAIL,C
International Conference on Artificial Intelligence and Soft Computing,ICAISC,National: Poland
International Conference on Artificial Intelligence and Statistics,AISTATS,A
International Conference on Artificial Intelligence in Education,AIED,A
International Conference on Artificial Intelligence in Medicine,AIME,B
"International Conference on Artificial Intelligence in Music, Sound, Art and Design",EvoMUSART,C
"International Conference on Artificial Intelligence: Methodology, Systems, Applications",AIMSA,National: Bulgaria
International Conference on Artificial Neural Networks,ICANN,C
International Conference on Artificial Reality and Telexistance & Eurographics Symposium on Virtual Environments,EGVE,C
International Conference on Automated Deduction,CADE,A
International Conference on Automated Planning and Scheduling,ICAPS,A*
"International Conference on Availability, Reliability and Security",ARES,B
"International Conference on Broadband Communications, Networks and Systems",Broadnets,C
International Conference on Case-Based Reasoning,ICCBR,C
International Conference on Cloud Computing and Services Science,CLOSER,C
"International Conference on Collaborative Computing: Networks, Applications and Worksharing",CollaborateCom,C
International Conference on COMmunication Systems & NETworkS,COMSNETS,National:India
International Conference on Communication Systems and Applications,ICCSA,C
International Conference on Compiler Construction,CC,B
"International Conference on Compilers, Architecture, and Synthesis for Embedded Systems",CASES,B
"International Conference on Complex, Intelligent and Software Intensive Systems",CISIS,C
"International Conference on Complexity, Future Information Systems and Risk",COMPLEXIS,C
International Conference on Computability and Complexity in Analysis,CCA,C
International Conference on Computational Collective Intelligence,ICCCI,B
International Conference on Computational Creativity,ICCC,C
International Conference on Computational Intelligence and Security,CIS,National: China
International Conference on Computational Linguistics,COLING,B
International Conference on Computational Molecular Biology,RECOMB,B
International Conference on Computational Science,ICCS,Multiconference
International Conference on Computational Science and its Applications,ICCSA,C
International Conference on Computer Analysis of Images and Patterns,CAIP,C
International Conference on Computer Communication and Networks,ICCCN,B
"International Conference on Computer Safety, Reliability and Security",SAFECOMP,B
International Conference on Computer Supported Cooperative Work in Design,CSCWD,C
International Conference on Computer Supported Education,CSEDU,B
International Conference on Computer Vision and Graphics,ICCVG,National: Poland
International Conference on Computer Vision Systems,ICVS,C
International Conference on Computer-Human Interaction Research and Applications,CHIRA,C
International Conference on Computers and their Applications,CATA,National: USA
International Conference on Computers Helping People with Special Needs,ICCHP,C
International Conference on Computers in Education,ICCE,C
International Conference on Computing and Combinatorics,COCOON,National:China
International Conference on Computing and Informatics,ICOCI,C
International Conference on Conceptual Modelling,ER,A
International Conference on Concurrency Theory,CONCUR,A
"International Conference on Control, Automation, Robotics and Vision",ICARCV,C
"International Conference on Control, Decision and Information Technologies",CoDIT,C
International Conference on Cooperative Information Systems,CoopIS,B
International Conference on Coordination Models and Languages,Coordination,C
International Conference on Cryptology and Network Security,CANS,B
International Conference on Cryptology in India,INDOCRYPT,National: India
International Conference on Cyberworlds (was International Symposium on Cyberworlds),CW,C
International Conference on Data Engineering,ICDE,A*
"International Conference on Data Science, Technology and Applications",DATA,C
International Conference on Database and Expert Systems Applications,DEXA,C
International Conference on Database Systems for Advanced Applications,DASFAA,B
International Conference on Database Theory,ICDT,A
International Conference on Dependability of Computer Systems,DEPCoS,National: Poland
"International Conference on Dependable, Autonomic and Secure Computing",DASC,C
International Conference on Digital Society,ICDS,C
International Conference on Distributed Computing and Artificial Intelligence,DCAI,National(Spain)
International Conference on Distributed Computing and Internet Technologies,ICDCIT,National: India
International Conference on Distributed Computing and Networking,ICDCN,National: India
International Conference on Distributed Computing Systems,ICDCS,A
International Conference on Dublin Core and Metadata Applications,DC,C
International Conference on Electronic Commerce,ICEC,C
International Conference on Embedded and Real Time Computing Systems and Applications,RTCSA,B
International Conference on Embedded Wireless Systems and Networks (wasEuropean Conference on Wireless Sensor Networks),EWSN,B
International Conference on Emerging Ubiquitous Systems and Pervasive Networks,EUSPN,Unranked
International Conference on Engineering Applications of Neural Networks,EANN,C
International Conference on Entertainment Computing,ICEC,C
International Conference on Evaluation and Assessment in Software Engineering,EASE,A
International Conference on Evaluation of Novel Approaches to Software Engineering,ENASE,B
International Conference on Formal Engineering Methods,ICFEM,C
International Conference on Formal Methods and Models for Co-Design,MEMOCODE,C
International Conference on Formal Ontology in Information Systems,FOIS,B
International Conference on Formal Structures for Computation and Deduction,FSCD,B
International Conference on Frontiers of Handwriting Recognition,ICFHR,B
International Conference on Frontiers of Information Technology,FIT,National: Pakistan
International Conference on Functional Programming,ICFP,A
International Conference on Generative Programming and Component Engineering,GPCE,B
International Conference on Graph Transformations,ICGT,B
"International Conference on Green, Pervasive and Cloud Computing (was Grid and Pervasive Computing)",GPC,C
"International Conference on Hardware/Software Codesign and System Synthesis (previously ISSN, changed in 2003)",CODES+ISSS,C
"International Conference on Heterogeneous Networking for Quality, Reliability, Security and Robustness (was International Conference on Quality of Service in Heterogeneous Wired/Wireless Networks)",Qshine,C
International Conference on High Performance Computing,HiPC,National: India
International Conference on High Performance Scientific Computing,HPSC,National: Vietnam
International Conference on Human Factors in Computing Systems,CHI,A*
International Conference on Human-Computer Interaction with Mobile Devices and Services,MobileHCI,B
International Conference on Hybrid Artificial Intelligence Systems,HAIS,National: Spain
International Conference on Hybrid Intelligent Systems,HIS,C
International Conference on Image Analysis and Processing,ICIAP,National: Italy
International Conference on Image and Graphics,ICIG,National: China
International Conference on Image and Signal Processing,ICISP,C
International Conference on Implementation and Application of Automata,CIAA,C
International Conference on Indoor Positioning and Indoor Navigation,IPIN,C
International Conference on Industrial and Engineering Applications of Artificial Intelligence and Expert Systems,IEA/AIE,C
International Conference on Informatics & Data-Driven Medicine,IDDM,C
"International Conference on Informatics in Control, Automation and Robotics",ICINCO,C
International Conference on Information and Communication Technologies and Development,ICTD,C
International Conference on Information and Communication Technologies for Ageing Well and e-Health,ICT4AWE,C
International Conference on Information and Communication Technologies in Tourism,ENTER,C
International Conference on Information and Communications Security,ICICS,C
International Conference on Information and Knowledge Engineering,IKE,National: USA
International Conference on Information Fusion,FUSION,C
International Conference on Information Processing and Management of Uncertainty,IPMU,C
International Conference on Information Security and Cryptography,SECRYPT,C
International Conference on Information Security and Cryptology,ICISC,National: Korea
International Conference on Information Systems Security,ICISS,National: India
International Conference on Information Systems Security and Privacy,ICISSP,C
International Conference on Information Technology and Applications,ICITA,Australasian C
International Conference on Information Visualisation,IV,C
International Conference on Innovations for Community Services (was Innovative Internet Computer Systems IICS until 2014),I4CS,C
International Conference on Integration of Artificial Intelligence and Operations Research Techniques in Constraint Programming for Combinatorial Optimization Problems,CPAIOR,B
International Conference on Intelligent Data Engineering and Automated Learning,IDEAL,C
"International Conference on Intelligent Software Methodologies, Tools, and Techniques (was International Conference on Software Methods and Tools)",SoMeT,C
International Conference on Intelligent Systems and Knowledge Engineering,ISKE,National: China
International Conference on Intelligent Systems Designs and Applications,ISDA,C
International Conference on Intelligent Text Processing and Computational Linguistics,CICLING,C
International Conference on Intelligent Tutoring Systems,ITS,B
International Conference on Intelligent User Interfaces,IUI,A
International Conference on Interactive Digital Storytelling (2008 merger of 'ICVS International Conference on Virtual Storytelling' and 'TIDSE Technology for Interactive Digital Storytelling'),ICIDS,C
International Conference on Internet and Web Applications and Services,ICIW,C
International Conference on Internet Computing in Science and Engineering,ICICSE,C
International Conference on Internet Monitoring and Protection,ICIMP,C
"International Conference on Internet of Things, Big Data and Security",IoTBDS,C
International Conference on Internet Technologies and Applications,ITA,National: USA
International Conference on Knowledge Engineering and Knowledge Management,EKAW,B
International Conference on Knowledge Engineering and Ontology Development,KEOD,C
"International Conference on Knowledge Science, Engineering and Management",KSEM,C
International Conference on Knowledge-Based and Intelligent Information and Engineering Systems,KES,B
International Conference on Language and Automata Theory and Applications,LATA,C
International Conference on Learning Analytics and Knowledge,LAK,A
International Conference on Learning Representations,ICLR,A*
International Conference on Legal Knowledge and Information Systems,JURIX,C
International Conference on Logic Programming,ICLP,A
International Conference on Logic Programming and Non-monotonic Reasoning,LPNMR,B
International Conference on Machine Learning,ICML,A*
International Conference on Machine Learning and Applications,ICMLA,C
International Conference on Machine Learning and Cybernetics,ICMLC,National: China
International Conference on Machine Vision,ICMV,C
International Conference on Managed Programming Languages and Runtimes (was ManLang and previously Principles and Practice of Programming in Java: PPPJ),MPLR,C
International Conference on Management of Data,COMAD,National: India
International Conference on Management of Digital EcoSystems,MEDES,C
International Conference on Mathematical Foundations of Programming Semantics,MFPS,B
International Conference on Methods and Models in Automation and Robotics,MMAR,National:Poland
International Conference on Mobile and Ubiquitous Systems: Networks and Services,Mobiquitous,C
International Conference on Mobile Data Management,MDM,B
International Conference on Mobile Systems and Pervasive Computing,MobiSPC,Unranked
"International Conference on Mobile Ubiquitous Computing, Systems, Services and Technologies",UBICOMM,C
International Conference on Model and Data Engineering,MEDI,C
"International Conference on Model Driven Engineering Languages and Systems (Previously UML, changed in 2005)",MODELS,A
International Conference on Model-Driven Engineering and Software Development,MODELSWARD,C
International Conference on Modelling and Simulation,ECMS,Multiconference
International Conference on Modelling Decisions for Artificial Intelligence,MDAI,B
International Conference on Multimedia Modelling,MMM,B
International Conference on Multimedia Retrieval (previously MIR),ICMR,B
International Conference on Multimodal Interaction (was International Conference on Multimodal Interfaces),ICMI,B
International Conference on Natural Computation,ICNC,National: China
International Conference on Network and Service Management (amalgamation of DSOM and related workshops from 2010),CNSM,B
International Conference on network and System Security,NSS,B
International Conference on Network Protocols,ICNP,B
International Conference on Network Softwarization,NetSoft,B
International Conference on Neural Information Processing,ICONIP,B
International Conference on Operations Research and Enterprise Systems,ICORES,C
International Conference on Optimization: Techniques And Applications,ICOTA,C
International Conference on Pairing-based Cryptography,Pairing,C
"International Conference on Parallel and Distributed Computing, Applications and Technologies",PDCAT,C
International Conference on Parallel and Distributed Processing Techniques and Applications,PDPTA,National: USA
International Conference on Parallel and Distributed Systems,ICPADS,B
International Conference on Parallel Architecture and Compilation Techniques,PACT,B
International Conference on Parallel Processing,ICPP,B
International Conference on Parallel Processing and Applied Mathematics,PPAM,National: Poland
International Conference on Pattern Recognition,ICPR,B
International Conference on Pattern Recognition Applications and Methods,ICPRAM,C
International Conference on Practical Applications of Computational Biology & Bioinformatics,PACBB,National(Spain)
International Conference on Practice and Theory in Public Key Cryptography,PKC,B
International Conference on Principles and Practice of Constraint Programming,CP,A
International Conference on Principles and Practice of Declarative Programming,PPDP,C
International Conference on Principles of Distributed Systems,OPODIS,B
International Conference on Principles of Practice in Multi-Agent Systems (prior to 2009 was Pacific Rim International Workshop on Multi-Agents),PRIMA,B
"International Conference on Probabilistic, Combinatorial, and Asymptotic Methods in the Analysis of Algorithms (was Conference on Analysis of Algorithms)",AofA,C
International Conference on Process Mining,ICPM,B
International Conference on Provable Security,ProvSec,C
International Conference on Quality of Multimedia Experience,QoMEX,B
International Conference on Real-Time and Network Systems,RTNS,National: France
International Conference on Recent Advances in Natural Language Processing,RANLP,National: bulgaria
International Conference on Relational and AlgebraicMethods in Computer Science (was International Conference on Relational Methods in Computer Science RelMiCS),RAMiCS,C
International Conference on Reliable Software Technologies,Ada-Europe,Journal Published
International Conference on Research Challenges in Information Science,RCIS,B
International Conference on Reversible Computation,RC,C
International Conference on Risks and Security of Internet and Systems,CRiSIS,C
"International Conference on Robotics, Vision, Signal Processing and Power Applications (was ROVPIA)",RoVISP,National: Malaysia
International Conference on Runtime Verification (was workshop pre 2010),RV,B
International Conference on Scientific and Statistical Data Base Management,SSDBM,B
International Conference on Security and Privacy for Communication Networks,SecureComm,C
International Conference on Security of Information and Networks,SIN,C
International Conference on Sequences and their Applications,SETA,C
International Conference on Service Oriented Computing,ICSOC,A
International Conference on Similarity Search and Applications,SISAP,B
International Conference on Smart homes and health Telematics,ICOST,C
International Conference on Software and Data Technologies,ICSoft,C
International Conference on Software and System Processes (was ICSP prior to 2011),ICSSP,B
International Conference on Software Architecture (was previously WICSA),ICSA,A
International Conference on Software Engineering,ICSE,A*
International Conference on Software Engineering Advances,ICSEA,C
International Conference on Software Engineering and Formal Methods,SEFM,B
International Conference on Software Engineering and Knowledge Engineering,SEKE,C
"International Conference on Software Engineering, Artificial Intelligence, Networking and Parallel/Distributed Computing",SNPD,C
International Conference on Software Language Engineering,SLE,B
International Conference on Software Quality Management,SQM,C
International Conference on Software Reuse,ICSR,B
"International Conference on Software Testing, Verification and Validation",ICST,A
International Conference on Sustainable Energy Information Technology,SEIT,Unranked
International Conference on Systems Engineering,ICSEng,C
International Conference on Technical Debt,TechDebt,B
International Conference on Testing Software and Systems,ICTSS,C
International Conference on Tests and Proofs,TAP,C
International Conference on the Application and Theory of Petri Nets and Concurrency,Petri Nets,B
International Conference on the Foundations of Digital Games,FDG,C
International Conference on the Principles of Knowledge Representation and Reasoning,KR,A*
International Conference on the Quality of Information and Communications Technology,QUATIC,C
International Conference on the Simulation and Synthesis of Living Systems,ALIFE,C
International Conference on the Statistical Analysis of Textual Data,JADT,C
International Conference on the Theory and Application of Cryptographic Techniques,EuroCrypt,A*
International Conference on the Theory and Application of Cryptology and Information Security,ASIACRYPT,A
International Conference on the Theory of Information Retrieval,ICTIR,Unranked
International Conference on Theorem Proving with Analytic Tableaux and Related Methods,TABLEAUX,B
International Conference on Theory and Applications of Satisfiability Testing,SAT,A
International Conference on Theory and Practice of Digital Libraries (was ECDL until 2010),TPDL,B
International Conference on Tools with Artificial Intelligence,ICTAI,B
"International Conference on Trust, Privacy and Security in Digital Business",TrustBus,B
"International Conference on Trust, Security and Privacy in Computing and Communications",TrustCom,B
International Conference on Ubiquitous Intelligence and Computing,UIC,C
International Conference on Unconventional Computation and Natural Computation (was International Conference on Unconventional Computation),UC,C
"International Conference on User Modelling, Adaptation, and Personalization (was AH and UM)",UMAP,B
International Conference on Vehicle Technology and Intelligent Transport Systems,VEHITS,C
International Conference on Very Large Databases,VLDB,A*
International Conference on Virtual Execution Environments,VEE,B
International Conference on Virtual Rehabilitation,ICVR,Unranked
International Conference on VLSI Design,VLSID,National: India
International Conference on Web and Social Media,ICWSM,A
International Conference on Web Engineering,ICWE,B
International Conference on Web Information Systems and Technologies,WEBIST,C
International Conference on Web Information Systems Engineering,WISE,B
International Conference on Wireless Networks and Mobile Communications,WINCOM,National:Morocco
"International Conference: Sciences of Electronics, Technologies of information and Telecommunication",SETIT,Unranked
"International Conferences in Central Europe on Computer Graphics, Visualization and Computer Vision",WSCG,National: Czecholslovakia
International Congress on Computational and Applied Mathematics,ICCAM,C
International Congress on Modelling and Simulation,MODSIM,Australasian C
International Cross-Domain Conference for Machine Learning and Knowledge Extraction,CD-MAKE,C
International CSI Computer Conference,CSICC,National: Iran
International Database Engineering and Applications Symposium,IDEAS,C
International European Conference on Parallel and Distributed Computing (was International Conference on Parallel Processing),EuroPar,B
International FLINS Conference on Robotics and Artificial Intelligence (was International Fuzzy Logic and Intelligent technologies in Nuclear Science Conference),FLINS,C
International Frontiers of Algorithmics Workshop,FAW,National: China
International Joint Conference on Artificial Intelligence,IJCAI,A*
International Joint Conference on Automated Reasoning,IJCAR,A
"International Joint Conference on Autonomous Agents and Multiagent Systems (previously the International Conference on Multiagent Systems, ICMAS, changed in 2000)",AAMAS,A*
International Joint Conference on Biometrics,IJCB,B
International Joint Conference on Computational Intelligence,IJCCI,C
"International Joint Conference on Knowledge Discovery, Knowledge Engineering and Knowledge Management",IC3K,C
International Joint Conference on Natural Language Processing,IJCNLP,B
International Joint Conference on Rough Sets (2014 International Conference on Rough Sets and Current Trends in Computing joined with 3 others),IJCRS (was RSCTC),C
International Joint Conference on Rules and Reasoning,RuleML+RR,B
International KES Conference on Agents and Multiagent systems - Technologies and Applications,KES AMSTA,C
International Machine Vision and Image Processing Conference,IMVIP,National: ireland
International Natural Language Generation Conference,INLG,B
International Network Optimization Conference,INOC,C
International Picture Coding Symposium,PCS,C
International Semantic Web Conference,ISWC,A
International Symposium 'Problems of Redundancy in Information and Control Systems',Redundancy,National Russia
International Symposium on Algorithmic Game Theory,SAGT,B
International Symposium on Algorithms and Computation,ISAAC,A
International Symposium on Algorithms and Experiments for  Wireless Networks,Algosensors,C
International Symposium on Applied Computational Intelligence and Informatics,SACI,National: Romania
International Symposium on Applied Machine Intelligence and Informatics,SAMI,National: slovakia
International Symposium on Artificial Intelligence and Mathematics,ISAIM,National: USA
International Symposium on Artificial Life and Robotics,AROB,C
International Symposium on Automated Technology for Verification and Analysis,ATVA,B
International Symposium on Automation and Robotics in Construction,ISARC,C
International Symposium on Autonomous Decentralized Systems,ISADS,C
International Symposium on Code Generation and Optimization,CGO,A
International Symposium on Combinatorial Optimisation,ISCO,C
International Symposium on Computational Geometry,SoCG,A
International Symposium on Computer Architecture and High Performance Computing,SBAC-PAD,C
International Symposium on Distributed Computing (was WDAG),DISC,A
International Symposium on Distributed Simulation and Real Time Applications,DS-RT,C
International Symposium on Empirical Software Engineering and Measurement,ESEM,A
International Symposium on Experimental Algorithms,SEA,B
International Symposium on Formal Methods (was Formal Methods Europe FME),FM,A
International Symposium on Foundations of Intelligent Systems,ISMIS,C
International Symposium on Functional and Logic Programming,FLOPS,National: Japan
International Symposium on Fundamentals of Computation Theory,FCT,B
International Symposium on Grids and Clouds (was International Symposium on Grid Computing),ISGC,C
International Symposium on High Performance Computer Architecture,HPCA,A*
International Symposium on Information Assurance and Security,IAS,C
International Symposium on Information Theory and Its Applications,ISITA,C
International Symposium on Innovations in Intelligent Systems and Applications,INISTA,C
International Symposium on Intelligent Systems and Informatics,SISY,National: serbia
International Symposium on Latin American Theoretical Informatics,LATIN,B
"International Symposium on Leveraging Applications of Formal Methods, Verification and Validation",ISoLA,C
International Symposium on Logic-based Program Synthesis and Transformation,LOPSTR,C
International Symposium on Mathematical Foundations of Computer Science,MFCS,A
International Symposium on Memory Management,ISMM,C
International Symposium on Microarchitecture,MICRO,TBR
"International Symposium on Modelling and Optimization in Mobile, Ad Hoc, and Wireless Networks",WiOpt,B
"International Symposium on Networks, Computers and Communications",ISNCC,C
International Symposium on Neural Networks,ISNN,C
"International Symposium on New Ideas, New Paradigms, and Reflections on Programming and Software",Onward,C
International Symposium on Open Collaboration (was International Symposiums on Wikis),OPENSYM,C
International Symposium on Parallel and Distributed Computing,ISPDC,C
International Symposium on Parameterized and Exact Computation (was IWPEC pre 2004),IPEC,B
International Symposium on Robotics Research,ISRR,C
International Symposium on Search Based Software Engineering,SSBSE,B
International Symposium on Software Engineering for Adaptive and Self-Managing Systems,SEAMS,A
"International Symposium on Software Engineering: Theories, Tools, and Applications",SETTA,National:China
International Symposium on Software Reliability Engineering,ISSRE,A
International Symposium on Software Testing and Analysis,ISSTA,A
International Symposium on Spatial and Temporal Databases,SSTD,B
International Symposium on Spatial Data Handling,SDH,C
International Symposium on Spatial Data Quality,ISSDQ,C
International Symposium on String Processing and Information Retrieval,SPIRE,C
International Symposium on Symbolic and Algebraic Computation,ISSAC,A
International Symposium on Symbolic and Numeric Algorithms for Scientific Computing,SYNASC,National: romania
International Symposium on Technology and Society,ISTAS,C
International Symposium on Temporal Representation and Reasoning,TIME,C
International Symposium on the Mathematical Theory of Networks and Systems,MTNS,C
International Symposium on Theoretical Aspects of Computer Science,STACS,A
International Symposium on Theoretical Aspects of Software Engineering,TASE,National: China
International Symposium on Ubiquitous Virtual Reality,ISUVR,National: S. Korea
International Symposium on Visual Computing,ISVC,National: USA
International Telecommunication Networks and Applications Conference (was Australian Telecommunication Networks and Applications Conference),ITNAC,Australasian C
International Teletraffic Congress,ITC,Unranked
International Visualization in Transportation Symposium,TRB,National: USA
International Wordnet Conference (Global Wordnet Conference),GWC,C
International Work-Conference on Artificial and Natural Neural Networks,IWANN,National: Spain
International Work-conference on the Interplay between Natural and Artificial Computation,IWINAC,National
International Workshop on Algebraic and Combinatorial Coding Theory,ACCT,National
International Workshop on Approximation Algorithms for Combinatorial Optimization Problems and International Conference on Randomization and Computation,APPROX/RANDOM,A
International Workshop on Combinations of Intelligent Methods and Applications,CIMA,C
International Workshop on Combinatorial Algorithm,IWOCA,C
International Workshop on Combinatorial Image Analysis: Theory and Applications,IWCIA,C
"International Workshop on Coordination, Organizations, Institutions, Norms and Ethics for Governance of Multi-Agent Systems (Ethics added 2020)",COINE,C
International Workshop on Critical Information Infrastructures Security,CRITIS,C
International Workshop on Data Management on New Hardware,DaMoN,C
International Workshop on Data Warehousing and OLAP,DOLAP,C
International Workshop on Digital Watermarking,IWDW,C
International Workshop on Document Analysis Systems,DAS,B
International Workshop on Enterprise and Organizational Modelling and Simulation,EOMAS,C
International Workshop on Fast Software Encryption,FSE,Journal Published
International Workshop on Formal Methods for interactive Systems,FMIS,C
International Workshop on Graph-Theoretic Concepts in Computer Science,WG,B
International workshop on High-Level Parallel Programming and Applications,HLPP,C
International Workshop on High-Level Parallel Programming Models and Supportive Environments,HIPS,C
International Workshop on Information Security Applications,WISA,National: korea
International Workshop on Modelling in Software Engineering,MISE,C
International Workshop on MultiAgent Based Simulation,MABS,C
International Workshop on Multimedia Signal Processing,MMSP,C
International Workshop on Post-Quantum Cryptography,PQCrypto,C
International Workshop on Principles of Diagnosis,DX,C
International Workshop on Requirements Engineering: Foundation for Software Quality,REFSQ,B
International Workshop on Security,IWSEC,National: Japan
International Workshop on Soft Computing Applications,SOFA,National: Romania
International Workshop on Software and Compilers for Embedded Systems,SCOPES,C
International Workshop on the Algorithmic Foundations of Robotics,WAFR,C
International Workshop on Visualization for Cyber Security,VizSec,C
International Workshop on Web and Wireless Geographical Information Systems,W2GIS,C
International Workshops on Enabling Technologies: Infrastructures for Collaborative Enterprises,WETICE,C
International World Wide Web Conference,WWW,A*
Internet Measurement Conference,IMC,A
Interspeech (combined EuroSpeech and ICSLP in 2000),Interspeech,A
ISC High Performance (was International Supercomputing Conference),ISC,C
ISCA International Conference on Computer Applications in Industry and Engineering,CAINE,C
Joint Conference of the International Workshop on Software Measurement and the International Conference on Software Process and Product Measurement (IWSM and Mensura combined from 2007),IWSM Mensura,C
"Joint Conference on Computer Vision, Imaging and Computer Graphics Theory and Applications (GRAPP and VISAPP combined from 2008)",VISIGRAPP,Multiconference
KES International Symposium on Intelligent Decision Technologies,KES IDT,C
Knowledge capture,K-CAP,B
Knowledge Domain Visualisation,KDViz,National: UK
Knowledge Visualization and Visual Thinking,KV,C
Language Resources and Evaluation Conference,LREC,B
"Language, Data and Knowledge",LDK,C
Latin American Conference on Informatics,CLEI,C
"Latin-American Algorithms, Graphs and Optimization Symposium",LAGOS,C
Logic Programming and Automated Reasoning,LPAR,B
Logical Foundations of Computer Science,LFCS,National: USA
"Logics in Artificial Intelligence, European Conference",JELIA,A
Machine Translation Summit,MT SUMMIT,C
Machine Vision Applications,MVA,National: japan
"Machines, Computations and Universality (was Universal Machines and Computations)",MCU,C
Malaysia International Conference on Communications,MICC,Regional
Mathematics of Program Construction,MPC,B
Measurement and Modeling of Computer Systems,SIGMETRICS,A*
Medical Image Computing and Computer-Assisted Intervention,MICCAI,A
Mensch & Computer,MuC,National: Germany
Mobile and Ubiquitous Multimedia (ACM),MUM,B
Modelling and Optimization: Theory and Applications,MOPTA,National: USA
Multimedia and Network Information Systems,MISSI,National: Poland
National Conference of the American Association for Artificial Intelligence,AAAI,A*
National Conference of The Australian Society for Operations Research,ASOR,Australasian C
Network and Operating System Support for Digital Audio and Video,NOSSDAV,B
New Security Paradigms Workshop,NSPW,C
New Zealand Game Developers Conference,NZGDC,Australasian C
Nordic Conference on Human-Computer Interaction,NordiCHI,Regional:Scandinavia
North American Association for Computational Linguistics,NAACL,A
"Pacific Asia Conference on Language, Information and Computation",PACLIC,C
Pacific Conference on Computer Graphics and Applications,PG,Journal Published
Pacific Rim International Conference on Artificial Intelligence,PRICAI,B
Pacific Rim International Symposium on Dependable Computing,PRDC,C
Pacific Rim Knowledge Acquisition Workshop,PKAW,C
Pacific Symposium on Biocomputing,PSB,National: USA
Pacific-Asia Conference on Knowledge Discovery and Data Mining,PAKDD,B
Pacific-Rim Symposium on Image and Video Technology,PSIVT,C
Parallel Problem Solving from Nature,PPSN,A
Passive and Active Measurement Conference,PAM,B
Pattern Languages of Programs,PLOP,C
Portuguese Conference on Artificial Intelligence,EPIA,National: Portugal
Practical Applications of Agents and Multiagent Systems,PAAMS,National: Spain
Practical Aspects of Declarative Languages,PADL,C
Practice and Theory of Automated Timetabling,PATAT,C
Prague Stringology Conference,PSC,National: Czech
Principles and Practice of Parallel Programming,PPoPP,B
Privacy Enhancing Technologies Symposium (was International Workshop of Privacy Enhancing Technologies),PETS,A
Privacy in Statistical Databases,PSD,C
Product Focused Software Process Improvement,PROFES,B
Real Time Systems Symposium,RTSS,A*
Richard Tapia Celebration of Diversity in Computing Conference,Tapia,National: USA
Robot Soccer World Cup,RoboCup,C
Robotics: Science and Systems,RSS,TBR
Selected Areas in Cryptography,SAC,B
Semantics - International Conference on Semantic Systems,Semantics,"Regional: Austria, Germany, Netherlands"
SGAI International Conference on Artificial Intelligence,SGAI,National: UK
SIAM Conference on Discrete Mathematics,DM,C
SIAM Conference on Optimization,OP,C
SIAM International Conference on Data Mining,SDM,A
SIGGRAPH Asia,SiggraphA,journal published
Simulation and Synthesis in Medical Imaging,SASHIMI,C
Simulation Technology and Training Conference,SimTecT,Australasian C
SKLOIS Conference on Information Security and Cryptology,Inscrypt,National: China
Smart Card Research and Advanced Application Conference,CARDIS,C
Software Process Improvement and Capability Determination,SPICE,C
Software Product Lines Conference,SPLC,B
"Software Quality, Reliability, and Security (was International Conference on Quality Software, QSIC, that merged with SERE 2015)",QRS,C
Static Analysis Symposium,SAS,B
Structural and Syntactical Pattern Recognition,SSPR,B
Symposium Model Analysis and Simulation of Computer and Telecommunications Systems,MASCOTS,B
Symposium of Asian Association for Algorithms and Computation,AAAC,C
Symposium on Advances in DB and Information Systems,ADBIS,C
Symposium on Geometry Processing,SGP,B
Symposium on High Performance Chips,HOTCHIPS (HCS),C
"Symposium on Networked Systems, Design and Implementation",NSDI,National: USA
Symposium on Parallelism in Algorithms and Architectures,SPAA,B
Symposium on Reliable Distributed Systems,SRDS,B
"Symposium on Stabilization, Safety, and Security of Distributed Systems",SSS,C
Symposium On Usable Privacy and Security,SOUPS,B
"Tangible, Embedded, and Embodied Interaction",TEI,B
Testbeds and Research Infrastructures for the Development of Networks and Communities,TridentCom,National: China
The ACM International System and Storage Conference,SYSTOR,National:Israel
The International Conference on Future Networks and Communications,FNC,Unranked
The International Conference on Intelligent Environments,IE,B
The International Conference on Verification and Evaluation of Computer and Communication Systems,VECoS,C
"The International Symposium on Research in Attacks, Intrusions and Defenses (was International Symposium on Recent Advances in Intrusion Detection)",RAID,A
The Symposium of Combinatorial Search,SoCS,B
The Theory and Application of Diagrams,DIAGRAMS,C
Theoretical Aspects of Rationality and Knowledge,TARK,A
Theory of Cryptography Conference,TCC,A
Tools and Algorithms for Construction and Analysis of Systems,TACAS,A
Usable Security and Privacy,USEC,National: USA
Usenix Annual Technical Conference,USENIX,A
Usenix Network and Distributed System Security Symposium,NDSS,A*
Usenix Security Symposium,USENIX-Security,A*
Usenix Symposium on Operating Systems Design and Implementation,OSDI,A*
USENIX Workshop on Hot Topics in Operating Systems,HotOS,A
Utility and Cloud Computing,UCC,Unranked
"Verification, Model Checking and Abstract Interpretation",VMCAI,B
Visual Analytics,EuroVA,C
Visual Information Communication and Interaction,VINCI,C
Visualization In Science and Education,GRC,National: USA
Web and Big Data,APWEB,C
Winter Simulation Conference,WSC,C
Workshop in Information Security Theory and Practices,WISTP,C
Workshop on Algorithm Engineering and Experiments,ALENEX,A
"Workshop on Algorithmic Approaches for Transportation Modelling, Optimization, and Systems",ATMOS,C
Workshop on Algorithms And Models For The Web Graph,WAW,C
Workshop on Algorithms in Bioinformatics,WABI,C
Workshop on Applications of Graph Theory in Wireless Ad hoc Networks and Sensor Networks,Graph-hoc,C
Workshop on Approximation and Online Algorithms,WAOA,B
Workshop on Computational Optimization,WCO,C
Workshop on Computer Architecture Education,WCAE,National: USA
Workshop on Constraint Satisfaction for Planning and Scheduling,COPLAS,C
Workshop on Cryptographic Hardware and Embedded Systems,CHES,A
Workshop on Domain Specific Modelling,DSM,C
Workshop on Fault Diagnosis and Tolerance in Cryptography,FDTC,C
Workshop on Formal Techniques for Java-like Programs,FTfJP,C
Workshop on Job Scheduling Strategies for Parallel Processing,JSSPP,C
"Workshop on Logic, Language, Information and Computation",WoLLIC,C
Workshop on Mobile Computing Systems and Applications,HOTMOBILE,National: USA
Workshop on Programming Languages and Operating Systems,PLOS,C
Workshop on the Arithmetic of Finite Fields,WAIFI,C
"World Conference on Educational Multimedia, Hypermedia and Telecommunications",ED-MEDIA,C
World Conference on Information Systems and Technologies,WorldCIST,C
"World Congress in Computer Science, Computer Engineering, and Applied Computing",WORLDCOMP,National: USA
"World Multi-Conference on Systemics, Cybernetics and Informatics",WMSCI,National: USA
