Title,ERA Score
1st International Conference on Building Energy and Environment COBEE,Not ranked
1st International Conference on Engineering Management ICEM,Not ranked
2008 International Conference on Biomedical Robotics and Biomechatronics BIO ROB,B
AAEE - Annual Conference of Australasian Association for Engineering Education,B
Accelerating excellence in the built environment World Conference WCAEBE,C
Accounting and Finance Association of Australia and New Zealand Conference AFAANZ,C
"ACIS Conference on Software Engineering Research, Management and Applications SERA",C
ACM Annual Computer Science Conference CSC,C
"ACM Conference on Applications, Technologies, Architectures, and Protocols for Computer Communication SIGCOMM",A
ACM Conference on Computer and Communications Security CCS,A
ACM Conference on Computer Supported Cooperative Work CSCW,A
ACM Conference on Electronic Commerce EC,B
ACM Conference on Embedded Networked Sensor Systems SENSYS,A
ACM Conference on Embedded Software EMSOFT,A
ACM Conference on Hypertext and Hypermedia Hypertext,A
ACM Conference on Object Oriented Programming Systems Languages and Applications OOPSLA,A
ACM Creativity and Cognition CC,A
ACM Digital Rights Management Workshop DRM,C
ACM Information Technology Education SIGITE,C
ACM International Conference on Advances in Geographic Information Systems SIGSPATIAL,B
ACM International Conference on Digital Interactive Media in Entertainment and Arts DIMEA,B
ACM International Conference on Emerging Networking Experiments and Technologies CoNEXT,A
ACM International Conference on Information and Knowledge Management CIKM,A
ACM International Conference on Knowledge Discovery and Data Mining SIGKDD,A
ACM International Conference on Mobile Computing and Networking MOBICOM,A
ACM International Conference on Recommender Systems RecSys,B
ACM International Conference on Research and Development in Information Retrieval SIGIR,A
ACM International Conference on Supercomputing ICS,A
ACM International Conference on Web Search and Data Mining WSDM,B
ACM International Symposium on Computer Architecture ISCA,A
ACM International Symposium on High Performance Distributed Computing HPDC,A
ACM International Wireless Communications and Mobile Computing Conference IWCMC,B
ACM International Workshop On Multimedia Databases MMDB,C
ACM International Workshop on. Mobility Management and Wireless Access MobiWac,B
ACM Multimedia ACMMM,A
ACM SIG International Conference on Computer Graphics and Interactive Techniques SIGGRAPH,A
ACM SIG on Computer and Communications Metrics and Performance SIGMETRICS,A
ACM SIGCHI_NZ Conference on Human-Computer Interaction CHINZ,C
ACM SIGCOMM Internet Measurement Conference ACM IMC,A
ACM SIGGRAPH/Eurographics Symposium on Computer Animation SCA,B
ACM SIGIR Workshop on XML and Information Retrieval SIGIR/XML,C
ACM SIGMM International Workshop on Multimedia Information Retrieval MIR,B
"ACM SIGMOBILE International Conference on Mobile Systems, Applications and Services Mobisys",B
ACM SIGMOD-SIGACT-SIGART Conference on Principles of Database Systems PODS,A
ACM SIGOPS European Workshops SIGOPS-EW,C
ACM SIGOPS Symposium on Operating Systems Principles SOSP,A
"ACM SIGPLAN Conference on Languages, Tools, and Compilers for Embedded Systems LCTES",A
ACM SIGPLAN Workshop on Partial Evaluation and Program Manipulation PEPM,B
ACM SIGPLAN Workshop on Types in Language Design and Implementation (was TIC) TLDI,C
ACM SIGSOFT International Symposium on the Foundations of Software Engineering FSE,A
ACM SIGSOFT Workshop on Program Analysis for Software Tools and Engineering PASTE,B
ACM SIGUCCS Conference on User Services SIGUCCS,C
ACM Special Interest Group on Computer Science Education Conference SIGCSE,A
ACM Special Interest Group on Management of Data Conference SIGMOD,A
ACM Special Interest Group on Supporting Group Work (was SIGGRoup) Group,B
ACM Symposium of Mobile and Ad Hoc Computing MOBIHOC,A
ACM Symposium on Applied Computing SAC,B
ACM Symposium on Computational Geometry SCG,A
"ACM Symposium on Information, Computer and Communications Security AsiaCCS",B
ACM Symposium on Principles of Database Systems SPDS,C
ACM Symposium on Principles of Distributed Computing PODC,A
ACM Symposium on Solid and Physical Modelling SPM,B
ACM Symposium on Theory of Computing STOC,A
ACM Symposium on User Interface Software and Technology UIST,A
ACM Virtual Reality Software and Technology VRST,A
ACM Workshop on Formal Methods in Security Engineering: From Specifications to Code FMSE,C
ACM Workshop on Hot Topics in Networks HOTNETS,A
ACM Workshop on Hot Topics in Software Upgrades HotSWUp,C
ACM Workshop on Role Based Access Control (now SACMAT) RBAC,C
ACM Workshop on Scalable Trusted Computing STC,B
ACM Workshop on Secure Web Services SWS,C
ACM Workshop on Web Information and Data Management WIDM,B
ACM/IEEE International Conference on Distributed Smart Cameras ICDSC,B
"ACM/IEEE International Conference on Modelling, Analysis and Simulation of Wireless and Mobile Systems MSWIM",A
ACM/IEEE Supercomputing Conference SC,A
ACM/IEEE/SCS Workshop on Parallel and Distributed Simulation PADS,B
ACM/IFIP/USENIX International Middleware Conference Middleware,A
ACM/SIAM Symposium on Discrete Algorithms SODA,A
ACM/SPIE Multimedia Computing and Networking MMCN,A
ACM-SIGACT Symposium on Principles of Programming Languages POPL,A
ACM-SIGMIS CPR Conference ACM-SIGMIS CPR,B
ACM-SIGPLAN Conference on Programming Language Design and Implementation PLDI,A
ACM-SIGRAPH Interactive 3D Graphics I3DG,A
ACS/IEEE International Conference on Computer Systems and Applications AICCSA,C
Active and Real-Time Database Systems ARTDB,C
Ada-Europe International Conference on Reliable Software Technologies EuAda,B
Advanced Concepts for Intelligent Vision Systems ACIVS,B
Advanced Course on Artificial Intelligence ACAI,C
Advanced Research in VLSI ARVLSI,C
Advanced Video and Signal Based Surveillance AVSS,B
Advanced Visual Interfaces AVI,B
Advances in Cryptology CRYPTO,A
Advances in Information Systems ADVIS,C
Advances in Intelligent Systems AIS,C
Advances in Modal Logic AiML,A
Advances in Neural Information Processing Systems NIPS,A
Advances in the Theory of Computing AITC,C
Agent-Oriented Information Systems Workshop AOIS,B
Agent-Oriented Software Engineering Workshop AOSE,C
AIAA Aerospace Sciences Meeting,B
AIChE Annual Meeting,C
AISB Convention (Society for the Study of Artificial Intelligence and Simulation of Behaviour) AISB,B
Algebraic Methodology and Software Technology AMAST,C
Algorithmic Learning Theory ALT,A
Algorithms and Complexity in Durham ACID,C
Algorithms and Data Structures Symposium (was Workshop on Algorithms and Data Structures) WADS,A
Ambient Information Systems AIS,B
Ambient Intelligence Developments Aml.d,C
American Association of Cost Engineers Annual Meeting AACE,A
American Federation of Information Processing Societies AFIPS,C
"American Society for Heating, Refrigeration and Air Conditioning ASHRAE",A
American Society of Mechanical Engineering,A
Americas Conference on Information Systems AMCIS,A
Americas Conference on Wind Engineering,B
Annual Computer Security Applications Conference ACSAC,A
Annual Conference of the Australasian Society for Computers in Learning in Tertiary Education ASCILITE,C
Annual Conference of the Australian Acoustical Society,A
Annual Conference of the Cognitive Science Society CogSci,A
Annual Conference of the European Association for Computer Science Logic CSL,C
Annual Conference of the International Academy for Information Management IAIM,C
Annual Conference of the International Speech Communication Association (was Eurospeech) Interspeech,A
Annual Conference on Computational Learning Theory COLT,A
Annual Conference on Evolutionary Programming EP,C
Annual Conference on Innovation and Technology in Computer Science Education ITiCSE,A
"Annual Conference on Privacy, Security and Trust PST",C
"Annual Convention for Survey, Mapping and Remote Sensing RS",C
Annual Fall Workshop on Computational Geometry CGW,C
Annual International Conference of the IEEE Engineering in Medicine and Biology Society,A
Annual International Conference on Ada TRI-Ada,C
Annual International Workshop on Presence PRESENCE,B
Annual Meeting of the Decision Sciences Institute DSI,C
Annual PKI,D
Annual PPIG Workshop PPIG,B
Annual Simulation Symposium ANSS,C
"Annual Water Distribution Systems Analysis Conference, WDSA 2008",A
Annual Workshop on Selected Areas in Cryptography SELCRYP,C
AoM Organizational Communication and Information Systems OCIS,A
Apple University Consortium Academic and Developers Conference AUCADC,C
Application of Computers and Operations Research in the Minerals Industries APCOMin,A
Application of Concurrency to System Design ACSD,B
Applications of Information Visualization IV-App,C
Applications of Natural Language to Data Bases NLDB,C
Applied Computing Conference ACC,C
Applied Perception in Graphics and Visualization APGV,C
Architectural Support for Programming Languages and Operating Systems ASPLOS,A
Argentine Symposium on Artificial Intelligence ASAI,C
Artificial Intelligence in Knowledge Management AIKM,C
Artificial Intelligence in Medicine AIIM,A
Artificial Intelligence in Medicine in Europe AIME,A
Artificial Neural Networks in Engineering Conference ANNIE,B
ASCCS International Conference on Steel-Concrete Composite and Hybrid Structures,A
ASEE Annual Conference and Exposition,B
ASEE Global Colloquium of Engineering Education,B
Asia Information Retrieval Symposium AIRS,C
Asia International Conference on Modelling and Simulation AMS,C
Asia Pacific Conference on Combustion,B
Asia Pacific Conference on Communications APCC,B
Asia Pacific Conference on Hardware Description Languages (was Asia Pacific CHipDesign Languages) APCHDL,C
Asia Pacific Decision Science Institute Conference APDSI,C
Asia Pacific Design Automation Conference ASDAC,C
Asia Pacific Industrial Engineering and Management Systems and Chinese Institute of Industrial Engineers Conference APIEMS CIIEC,C
Asia Pacific Research Symposium on Accounting Information Systems APRSAIS,C
Asia Pacific Web Conference APWEB,C
Asian Computing Science Conference ASIAN,B
Asian Conference on Computer Vision ACCV,B
Asian Congress of Fluid Mechanics,A
Asian International Mobile Computing Conference AMOC,C
Asian Symposium on Computer Mathematics ASCM,C
ASIAN Symposium on Programming Languages and Systems APLAS,B
Asian Symposium on Visualization,B
Asian-Pacific Conference on Computational Mechanics APCOM,A
Asian-Pacific conferences on unsaturated soils Unsat-Asian,A
Asia-Pacific Bioinformatics Conference APBC,B
Asia-Pacific Computer Human Interaction Conference APCHI,C
Asia-Pacific Conference on Complex Systems Complex,C
Asia-Pacific Conference on Conceptual Modelling APCCM,B
Asia-Pacific Conference on Engineering Plasticity and Its Applications,A
Asia-Pacific Conference on Materials Processing,A
Asia-Pacific Conference on Simulated Evolution and Learning SEAL,B
Asia-Pacific Conference on Wind Engineering,B
Asia-Pacific Forum on Engineering and Technology Education AFETE,C
Asia-Pacific Network Operations and Management Symposium APNOMS,C
Asia-Pacific Services Computing Conference APSCC,C
Asia-Pacific Software Engineering Conference APSEC,C
Asia-Pacific Symposium on Visualisation APVIS,C
Asia-Pacific Vibration Conference,B
"Asilomar Conference on Signals, Systems and Computing ACSSC",C
Aspect-Orientation Asia AO-Asia,C
Aspect-Oriented Software Development AOSD,A
Association for Computer Aided Design in Architecture (ACADIA) Conference ACADIA,A
Association for Computer-Aided Architectural Design Research in Asia (CAADRIA) annual conference CAADRIA,B
Association of Architecture Schools of Australasia Annual Conference (AASA) AASA,C
Association of Collegiate Schools of Architecture (ACSA) Annual Meeting ACSA,B
Association of Computational Linguistics ACL,A
Association of Researchers in Construction Management Annual Conference ARCOM,A
Athens Colloquium on Algorithms and Complexity ACAC,C
AUSIMM Orebody Modelling and Strategic Mine Planning Conference,A
AUSIMM Project Evaluation,A
Australasia Conference on Information Security and Privacy AISP,C
Australasian Coasts and Ports Conference,A
Australasian Cognitive Science Society Conference AuCSS,C
Australasian Compumod Users' Conference COMPUMOD,C
Australasian Computer Architecture Conference ACAC,C
Australasian Computer Music Conference ACMA,C
Australasian Computer Science Conference ACSC,B
Australasian Computer Systems Architecture Conference (now Asia-Pacific Computer Systems Architecture Conference) ACSAC,B
Australasian Computers in Education Conference ACEC,C
Australasian Conference on Combinatorial Mathematics and Combinatorial Computing ACCMCC,C
Australasian Conference on Computer Science Education ACE,B
Australasian Conference on Information Security and Privacy ACISP,B
Australasian Conference on Information Systems ACIS,A
Australasian Conference on Parallel and Real-Time Systems APRTS,C
Australasian Conference on Pattern Languages of Programs KoalaPLoP,C
Australasian Conference on Robotics and Automation ACRA,B
Australasian Conference on the Mechanics of Structures and Materials,B
Australasian Congress on Applied Mechanics,A
Australasian Database Conference ADC,B
Australasian Fluid Mechanics Conference,A
Australasian Housing Researchers Conference AHRC,A
Australasian Information Security Conference AISC,B
Australasian Information Security Workshop 2007 (Privacy Enhancing Technologies) AISW-PET,C
Australasian Joint Conference on Artificial Intelligence AI,B
Australasian Port and Harbour Conference,A
Australasian Refinement Workshop AuRW,C
Australasian Remote Sensing Conference and Photogrammetry Conference ARSPC,C
"Australasian Road Safety Research, Policing and Education Conference",C
Australasian Speech Science and Technology SST,B
Australasian Symposium on Grid Computing and e-Research (now AusPDC) AusGrid,C
Australasian Symposium on Parallel and Distributed Computing (was AusGrid) AusPDC,C
Australasian Transport Research Forum ATRF,A
Australasian Urban and Regional Information Systems Association Conference AURISA,C
Australasian User Interface Conference AUIC,B
Australasian Wind Engineering Society Workshop in Wind Engineering,C
Australasian Women in Computing Workshop WIC,C
Australasian Workshop on Combinatorial Algorithms AWOCA,B
Australasian Workshop on Health Data and Knowledge Management HDKM,B
Australia New Zealand Geomechanics conference,B
Australia-Japan Joint Workshop on Intelligent and Evolutionary Systems AJWIES,C
Australian and New Zealand Academy of Management Conference ANZAM,C
Australian and New Zealand Architectural Science Association (ANZAScA) Annual Conference ANZAScA,B
Australian and New Zealand Association of Planning schools ANZAPS,B
Australian and New Zealand Intelligent Information Systems Conference ANZIIS,C
Australian and New Zealand Marketing Academy Conference ANZMAC,C
Australian Combustion Symposium,C
Australian Computer Human Interaction Conference OZCHI,B
Australian Conference for Knowledge Management and Intelligent Decision Support ACKMIDS,B
Australian Conference on Artificial Life ACAL,B
Australian Conference on Laser Diagnostics in Fluid Mechanics and Combustion,B
Australian Conference on Neural Networks ACNN,C
Australian Conference on Software Metrics ACOSM,C
Australian Data Mining Conference AusDM,B
Australian Digital Forensics Conference,B
Australian Earthquake Engineering Conference,B
Australian Game Developers Conference AGDC,C
Australian Geothermal Energy Conference,C
Australian Information Security Management Conference,B
Australian Information Warfare and Security Conference WarSec,C
Australian Institute of Building Surveyors International Refereed Conference AIBS,B
Australian Institute of Computer Ethics Conference AICE,C
Australian Knowledge Acquisition Workshop AKAW,C
Australian MADYMO Users Meeting MADYMO,C
Australian MATLAB Conference MATLAB,C
Australian Road Research Board Annual Conference,B
Australian Software Engineering Conference ASWEC,B
Australian Supercomputing Conference ACS,C
Australian Symposium on Information Visualisation ASIV,B
Australian Telecommunication Networks and Applications Conference ATNAC,C
Australian Universities Building Education Association Annual Conference AUBEA,B
Australian UNIX Users Group National Conference AUUG,C
Australian Water Association Convention - Ozwater,C
Australian Women in IT Conference OzWIT,B
"Australian Workshop on Mobile Computing, Databases and Applications MCDA",C
Australian Workshop on Requirements Engineering AWRE,B
Australian Workshop on Safety Critical Systems and Software SCSS,C
Australian Workshop on Software Architecture AWSA,C
Australian World Wide Web Conference AusWeb,C
Automated Software Engineering Conference ASE,A
Automation and Robotics International Symposium ISARC,B
Automation of Software Test AST,C
Baltic Sea Conference on Computing Education Research Koli Calling,B
Baosteel Academic Conference,B
Benelux Workshop on Information and System Security WISSec,C
Bioinformatics Visualization BioViz,C
Bled Electronic Commerce Conference BECC,B
Bluff Body Aerodynamics and Applications,A
Body Sensor Networks BSN,C
Brazilian Symposium on Computer Graphics and Image Processing SIBGRAPI,C
Brazilian Symposium on Databases SBBD,C
"Brazilian Symposium on Graphs, Algorithms and Combinatorics GRACO",C
Brazilian Symposium on Information and Computer Systems Security SBSEG,C
British Colloquium for Theoretical Computer Science BCTCS,C
British Computer Society Conference on Human-Computer Interaction HCI,A
British Computer Society Formal Aspects of Computing Science Specialist Group Workshop BCS-FMW,C
British Machine Vision Conference BMVC,B
British National Conference on Databases BNCOD,B
Built Environment Education Conference BEECON,B
CAADFutures Biennial conference CAADFutures,A
Canadian Artificial Intelligence Conference CAAI,B
Canadian Conference on Computational Geometry CCCG,C
Canadian Conference on Computer and Robot Vision CRV,C
Canadian Conference on Electrical and Computer Engineering CCECE,C
Canadian Discrete and Algorithmic Mathematics Conference CanaDAM,C
Canadian Geotechnical Society Conference,B
"Canadian Society for Civil Engineering, International Construction Specialty Conference ICSC",C
Centre for Asian and Middle Eastern Architecture conference CAMEA,A
CGAL User Workshop CGAL,C
CGC Workshop on Computational Geometry CGC,C
Challenges of Large Applications in Distributed Environments CLADE,C
Chemeca: Australasian Conference on Chemical Engineering,B
Chilean Database Workshop JCC/WBD(CDW),C
ChinaGrid Annual Conference ChinaGrid,C
CIRP Life Cycle Engineering Conference,A
Coastal Environment,C
Cognitive Science Society Annual Conference CSSAC,A
Collaborative Electronic Commerce Technology and Research CollECTeR,B
"Colloquium on Mathematics and Computer Science: Algorithms, Trees, Combinatorics and Probabilities MathInfo",C
Cologne-Twente Workshop on Graphs and Combinatorial Optimization CTW,C
CombinaTexas: Combinatorics in the South-Central U.S. Combina Texas,C
Combinatorial Pattern Matching CPM,B
Committee on Data for Science and Technology CODATA,C
Complex Objects Visualization Workshop COV,C
Complexity and information-theoretic approaches to biology CITB,B
"Composite Construction V, Kruger National Park, South Africa, American Society of Civil Engineers",A
Computability in Europe: Logic and Theory of Algorithms CiE,C
Computational Intelligence in Security for Information Systems CISIS,B
Computational Techniques and Applications Conference CTAC,C
Computational Topology Workshop CT,C
Computational Wind Engineering,B
Computer Aided Verification CAV,A
Computer Animation CANIM,A
"Computer Animation, Information Visualisation, and Digital Effects CAivDE",C
Computer Applications in The Mineral Industries APCOM,A
Computer Graphics International CGI,B
Computer Science Research Conference CSRC,C
Computer Supported Collaborative Learning CSCL,A
Computers in Cardiology,A
Computing and Control in the Water Industry 2009,B
Computing in Civil Engineering and Building International Conference ICCCBE,C
Computing in Education Group of Victoria Conference CEG,C
Computing: The Australasian Theory Symposium CATS,B
Conference and Symposium of the International Committee on Aeronautical Fatigue,A
Conférence en Recherche d'information et Applications CORIA,C
Conference for the International Simulation and Gaming Association ISAGA,C
Conference in Uncertainty in Artificial Intelligence UAI,A
Conference of South African Institute of Computer Scientists and Information Technologists SAICSIT,C
Conference of the Association for Machine Translation in the Americas AMTA,B
Conference of the Association of Asian-Pacific Operational Research Societies APORS,C
Conference of the Australian Institutes of Transport Research CAITR,C
Conference of the Commission Internationale pour l'Etude et l'Amelioration de l'Enseignement des Mathematiques CIEAEM,C
Conference of the European Association for Machine Translation EAMT,B
Conference of the International Society for Decision Support Systems ISDSS,C
Conference of the Pacific Association for Computational Linguistics PACLING,B
Conference on Agile Software Development Agile,B
Conference on Algorithmic Aspects in Information and Management AAIM,C
Conference on Algorithms and Hardware for Parallel Processing CONPAR,C
Conference on Analysis of Algorithms AofA,B
Conference on Artificial Intelligence for Applications CAIA,B
Conference on Artificial Neural Networks and Expert systems ANNES,C
Conference on Combinatorial Optimization and Applications COCOA,B
"Conference on Computers, Freedom, and Privacy CFP",C
Conference on Construction Partnering CII-HK,C
"Conference on Discrete Mathematics, Algebra and their Application DIMA",C
Conference on Fun with Algorithms FUN,B
Conference on Graph Theory and Discrete Geometry CGTDG,C
"Conference on Information Science, Technology and Management CISTM",B
Conference on Information Sciences and Systems CISS,C
Conference on Innovative Data Systems Research CIDR,A
Conference on Integer Programming and Combinatorial Optimization IPCO,A
Conference on Natural Language Learning CoNLL,A
Conference on Office Information Systems SIGOA,C
Conference on Operational Research Practice in Africa ORPA,C
Conference on Operations Research COR,C
"Conference on Orders, Algorithms and Applications Ordal",C
Conference on Railway Engineering,A
Conference on RFID Security RFIDSec,C
Conference on Security and Cryptography for Networks SCN,B
Conference on Security in Network Architectures and Information Systems SAR-SSI,C
Conference on Software Engineering Education and Training CSEE&T,C
Conference on Software in Telecommunications and Computer Networks SOFTCOMM,B
Conference on Spatial Information Theory COSIT,C
Conference on the Quality of Software Architectures QoSA,A
Conference on Theory and Applications of Models of Computation TAMC,B
Conference on Visualization and Data Analysis VDA,C
Congress of the Italian Assoc for AI AI*IA,B
Congress of the Modelling and Simulation Society of Australia and New Zealand Modsim 03,A
ConnectED: International Conference on Design Education ConnectED,C
Constraint Databases and Applications CDB,C
Constraint Programming Day CPD,C
"Construction Applications of Virtual Reality, International Conference CAVR",C
Construction Applications to Virtual Reality Conference CONVR,C
Construction Automation Conference,B
Construction in the Twenty-first Century Conferences CITC,B
Construction Management and Economics Conference CME 25,A
Construction Management and Real Estate International Symposium CRIOCM,B
Contact Mechanics,A
"Cooperative Design, Visualization, and Engineering CDVE",C
Cooperative Research Centre for Construction Innovation International Conference CRCCI,B
Coordinated and Multiple Views in Exploratory Visualization CMV,C
Corrosion and Prevention,A
Cryptography Policy and Algorithms Conference CryPAC,C
Crypto'Puces Crypto'Puces,C
Cultural Attitudes towards Technology and Communications CATAC,B
Cultural Heritage Knowledge Visualisation CHKV,C
"Cumulus - International Association of Universities and Colleges of Art, Design and Media CUMULUS",C
Current Trends in Theory and Practice of Computer Science SOFSEM,B
Data Compression Conference DCC,A
Data Semantics in Web Information Systems DASWIS,C
Data Warehousing and Knowledge Discovery DaWaK,B
Database Systems for Advanced Applications DASFAA,A
Databases and Programming Language DBPL,B
Declarative Agent Languages and Technologies DALT,B
Design and Aesthetics in Visualisation DAViz,C
Design and Emotion Society Conferences,D
Design and Management of Data Warehouses DMDW,C
Design Computing and Cognition DCC,A
Design for User Experience DUX,B
Design Research Society (UK) International Conference DRS,B
Design Society Conferences,B
"Design, Automation and Test in Europe Conference DATE",B
Designing Interactive Systems DIS,B
Designing Pleasurable Products And Interfaces DPPI,B
Deutsche Arbeitsgemeinschaft für Mustererkennung DAGM e.V DAGM,B
Developments in Language Theory DLT,B
Digital Arts and Culture DAC,C
Digital Games Research Conference DIGRA,C
Digital Image Computing Techniques and Applications DICTA,B
DIMACS Workshop on Intrinsic Complexity of Computation DIMACS Intrinsic,C
Discourse Anaphora and Anaphor Resolution Colloquium DAARC,C
Discrete and Algorithmic Geometry DAG,C
"Discrete Models: Combinatorics, Computation and Geometry DM-CCG",C
Distributed Communities on the Web Workshop Dcw,C
Domain - Specific Languages for Software Engineering DSLSE,C
Domain Specific Aspect Languages DSAL,C
Durability of Building Materials and Components Conference DBMC,C
Dutch Computational Geometry Day DutchCG,C
Dynamic Graph Workshop DGW,C
Dynamic Languages Symposium DLS,B
East Asia Society for Transportation Studies Conference (biennial) EASTS,C
East Asia-Pacific Conference on Structural Engineering and Construction,B
Ecopolitics,B
ECRYPT Workshop on Cryptographic Hash Functions,C
ECRYPT Workshop on Tools for Cryptanalysis,C
Education and Research in Computer Aided Architectural Design in Europe eCAADe,B
Educational Data Mining EDM,B
Embedded Sensor Networks Workshop Emnets,C
Empirical Methods in Natural Language Processing EMNLP,A
Enabling Grids for,E
Engineering Education series (organised by Higher Education Academy Engineering Subject Centre UK),B
Entertainment and media in the ubiquitous era (ACM) MINDTREK,B
ENVI and IDL Data Analysis and Visualization Symposium VISualize,C
Environmental Design Research Association EDRA,B
ERATO Conference on Quantum Information Science EQIS,C
ERCIM Annual Workshop on Constraint Solving and Constraint Logic Programming ERCIM/CSCLP,B
Ershov Conference PSI,B
ETHICOMP Conference ETHICOMP,B
Euro Virtual Reality Euro VR,C
"EuroConference on Combinatorics, Graph Theory and Applications EUroComb",C
Eurographics Symposium on Parallel Graphics and Visualization EGPGV,B
Eurographics Symposium on Virtual Environments EGVE,B
Eurographics/IEEE Symposium on Visualization EuroVis,B
Euromicro Conference on Real-Time Systems ECRTS,A
Euromicro Conference on Software Engineering and Advanced Applications SEAA,C
"Euromicro International Conference on Parallel, Distributed and Network Based Processing PDP",C
Europe-Africa Conference on Wind Engineering,B
European Academy of Design conferences EAD,C
European Association of Computational Linguistics EACL,A
European Chapter on Combinatorial Optimization ECCO,C
European Computing Conference ECC,C
European Conference of Information Warfare ECIW,C
European Conference on Ambient Intelligence AmI,C
European Conference on Artificial Intelligence ECAI,A
European Conference on Artificial Life ECAL,B
European Conference on Computational Biology ECCB,B
European Conference on Computational Learning Theory (Now in COLT) EuroCOLT,C
European Conference on Computational Mechanics ECCM,A
European Conference on Computer Supported Cooperative Work ECSCW,B
European Conference on Computer Vision ECCV,A
European Conference on e-Government ECEG,C
European Conference on Genetic Programming EUROGP,B
European Conference on Information Management and Evaluation ECIME,C
European Conference on Information Retrieval ECIR,B
European Conference on Information Systems ECIS,A
European Conference on Knowledge Management EKM,B
European Conference on Machine Learning ECML,A
European Conference on Numerical Methods in Geotechnical Engineering NUMGE,A
European Conference on Object-Oriented Programming ECOOP,A
European Conference on Operations Research EURO,C
European Conference on Pattern Languages of Programs EuroPLop,B
European Conference on Principles and Practice of Knowledge Discovery in Databases PKDD,A
European Conference on Research Methodology for Business and Management Studies ECRM,C
European Conference on Software Maintenance and Reengineering CSMR,C
European Conference on Speech Communication and Technology (now Interspeech) EuroSpeech,A
European Conference on Symbolic and Quantitative Approaches to Reasoning with Uncertainty ECSQARU,C
European Conference on Universal Multiservice Networks ECUMN,C
European Conference on Wireless Sensor Networks EWSN,A
European Congress on Intelligent Techniques and Soft Computing EUFIT,C
European Graphics Conference EUROGRAPH,A
European Institute for Computer Anti-Virus Research EICAR Conference EICAR,C
European Lisp Workshop ELW,C
European Metallurgical Congress,B
European Natural Language Generation Workshop EuroNLG,B
European PKI Workshop: Theory and Practice EUROPKI,B
European PVM/MPI Users' Group Conference EuroPVM/MPI,C
European Signal Processing Conference EUSIPCO,B
European Simulation MultiConference ESM,B
European Simulation Symposium ESS,B
European Software Engineering Conference ESEC,B
European SPI EuroSPI,B
European Symposium on Algorithms ESA,A
European Symposium on Artificial Neural Networks ESANN,B
European Symposium on Gender and ICT ESGICT,C
European Symposium on Programming ESOP,A
European Symposium On Research In Computer Security ESORICS,A
European Transport Conference ETC,B
European Turbulence Conference,A
European Workshop on Advanced Mobile Robots EuroBot,C
European Workshop on Computational Geometry EuroCG,C
European Workshop on Modelling Autonomous Agents in a Multi-Agent World MAAMAW,C
European Workshop on Multi-Agent Systems EUMAS,C
European Workshop on Security and Privacy in Ad -Hoc and Sensor Networks ESAS,C
"European, Mediterranean and Middle Eastern Conference on Information Systems EMCIS",B
European-Japanese Conference on Information Modelling and Knowledge Bases EJC,C
Eurosys Conference EuroSys,A
"Experiential Knowledge SIG conferences (Design Research Society (DRS) SIG,UK)",A
Exploring Modelling Methods in Systems Analysis and Design EMMSAD,C
Extending Database Technology EDBT,A
Extreme Markup Languages Extreme,C
Far East Workshop on Future DB Systems FEWFDB,C
FIE Frontiers in Education,A
Financial Cryptography FINCRY,B
Financial Cryptography and Data Security Conference FC,A
Finite Differences-Finite Elements-Finite Volumes-Boundary Elements,F
FIRA Robot World Congress FIRA,C
FISITA World Automotive Congress,B
Flexible Query-Answering Systems FQAS,C
Florida Artificial Intelligence Research Society Conference FlAIRS,C
Formal and Computational Cryptography FCC,C
Formal Methods Europe FME,A
Formal Methods in Software Engineering and Defence Systems Workshop FMSEDS,C
Formal Methods Pacific FMP,C
Formal Power Series and Algebraic Combinatorics FPSAC,B
"Forum on Specification, Verification and Design Languages FDL",C
Foundations of Aspect-Oriented Languages FOAL,C
Foundations of Genetic Algorithms FOGA,A
Foundations of Software Science and Computational Structures FOSSACS,C
Foundations of Software Technology and Theoretical Computer Science FST&TCS,B
Franco-Canadian Workshop on Combinatorial Algorithms ComAI,C
French Conference on Knowledge Acquisition and Machine Learning FCKAML,B
French Journées de Géométrie Algorithmique JGA,C
French Speaking Conference on the Extraction and Management of Knowledge EGC,C
Functional and Declarative Programming in Education FDPE,C
Fundamental Approaches to Software Engineering FASE,B
Game Developers Conference GDC,C
Genetic and Evolutionary Computations GECCO,A
Geo congress of the Geo-Institute of ASCE,A
"Geometric Modelling and Imaging, International Conference (IEEE) GMAI",B
Geometry Festival: An international workshop on Discrete Geometry and Rigidity GeomFest,C
Geometry Modeling and Processing GMP,B
GeoShanghai International Conferences GeoShanghai,A
GeoVisualization and Information Visualization GeoViz,C
German Conference on Artificial Intelligence KI,C
German Conference on Multi-Agent system Technologies MATES,B
"GI International Conference on Detection of Intrusions and Malware, and Vulnerability Assessment DIMVA",C
GIS Planet Conference GISPlanet,C
Global Chinese Conference on Computers in Education GCCCE,C
Global Conference on Sustainable Product Development and Life Cycle Engineering,B
Global Information Technology Management Association World Conference GITMA,B
Globalisation and Landscape Architecture: Issues for Education and Practice,Not ranked
Grace Hopper Celebration of Women in Computing GHC,C
Graph Drawing GD,A
Graphics Interface GI,B
Haskell Workshop HASKELL,C
Hawaii International Conference on System Sciences HICSS,A
Health Informatics Conference HIC,C
Healthy Buildings HB,A
Hellenic Conference on Artificial Intelligence SETN,C
Heterogeneity in Computing Workshop HCW,B
High Performance Computing Symposium Canada HPCS-Canada,C
High-Performance Grid Computing Workshop (part of IPDPS Conference) HPGrid,C
Hong Kong Institute of Value Management Conference HKIVM,A
Human Factors and Ergonomics Conference (Human Factors and Ergonomics Society of Australia) HFESA,C
Human System Interaction HIS,C
Hungarian National Conference on Agent Based Computation HUNABC,C
Hydraulics in Civil Engineering,C
Hydrology and Water Resources Symposium,B
IASTED International Conference on Biomedical Engineering,A
IASTED Telehealth and Assistive Technology,A
IAVoSS Workshop On Trustworthy Elections WOTE,C
Iberian Conference on Pattern Recognition and Image Analysis IBPRIA,C
IberoAmerican Congress on Pattern Recognition CIARP,C
ICEE- ICEER - International Conference for Engineering Education and Research,C
Identity and Globalisation: Design for the City,Not ranked
IEEE Automatic Speech Recognition and Understanding Workshop ASRU,C
IEEE Bioinformatics and Bioengineering BIBE,C
IEEE Computational Systems Bioinformatics Conference CSB,A
IEEE Computer Communications Workshop CCW,B
IEEE Computer Security Foundations Symposium (was CSFW) CSF,A
IEEE Conference in Industrial Electronics and Applications,A
IEEE Conference on Automation Science and Engineering,B
IEEE Conference on Computational Complexity Complexity,B
IEEE Conference on Computer Communications IEEE INFOCOM,A
IEEE Conference on Computer Vision and Pattern Recognition CVPR,A
IEEE Conference on Decision and Control CDC,A
IEEE Conference on Electronic Commerce Technology (merger of CEC and EEE) CEC,C
IEEE Conference on Local Computer Networks LCN,A
IEEE Conference on Mass Storage Systems and Technologies MSST,C
"IEEE Conference on Robotics, Automation and Mechatronics",A
"IEEE Conference on Sensor, Mesh and Ad Hoc Communications and Networks SECON",B
"IEEE Conference on Systems, Man and Cybernetics SMC",B
IEEE Conference on Ultra Wideband Systems and Technologies ICUWB,C
IEEE Conference on Wireless Communication and Sensor Networks WCSN,C
IEEE Congress on Evolutionary Computation IEEE CEC,A
IEEE Congress on Services SERVICES,B
IEEE Consumer Communications and Networking Conference IEEE CCNC,B
IEEE EMBS Neural Engineering Conference,A
IEEE European Conference on Web Services ECOWS,C
IEEE Global Information Infrastructure Symposium GIIS,C
IEEE Global Internet Symposium GI,C
IEEE Global Telecommunications Conference IEEE GLOBECOM,B
"IEEE Information Theory Workshop on Detection, Estimation, Classification and Imaging DECI",C
IEEE Information Visualization Conference IEEE InfoVis,A
IEEE International Augmented Reality Toolkit Workshop IARTW,C
IEEE International Conference and Workshop on the Engineering of Computer Based Systems ECBS,B
IEEE International Conference on 3D Systems Integration (combines ASET & 3D) IEEE 3D IC,C
IEEE International Conference on Adaptive and Intelligent Systems ICAIS,C
IEEE International Conference on Advanced Learning Technologies ICALT,B
IEEE International Conference on Automatic Face and Gesture Recognition FG,C
IEEE International Conference on Autonomic Computing ICAC,B
IEEE International Conference on Cloud Computing CLOUD,B
IEEE International Conference on Cluster Computing CLUSTER,A
IEEE International Conference on Cognitive Informatics ICCI,C
IEEE International Conference on Communications ICC,B
IEEE International Conference on Computational Cybernetics ICCC,C
IEEE International Conference on Computational Intelligence for Measurement Systems and Applications CIMSA,C
IEEE International Conference on Computer and Information Technology CIT,C
IEEE International Conference on Computer Vision ICCV,A
IEEE International Conference on Control Applications CCA,B
IEEE International Conference on COTS-Based Software Systems ICCBSS,C
IEEE International Conference on Cybernetics and Intelligent Systems CIS,C
IEEE International Conference on Data Mining ICDM,A
IEEE International Conference on Digital EcoSystems and Technologies Conference IEEE DEST,C
IEEE International Conference on Distributed Computing in Sensor Systems DCOSS,B
IEEE International Conference on e-Business Engineering ICEBE,B
IEEE International Conference on Engineering of Complex Computer Systems ICECCS,A
"IEEE International Conference on Enterprise Computing,",E
IEEE International Conference on e-Science and Grid Computing e-Science,A
IEEE International Conference on Fuzzy Systems FUZZ-IEEE,A
IEEE International Conference on Global Software Engineering ICGSE,C
IEEE International Conference on Granular Computing GrC,C
IEEE International Conference on High Performance Computing and Communications HPCC,B
IEEE International Conference on High Performance Computing and Simulation IEEE HPCS,B
IEEE International Conference on Image Processing ICIP,B
IEEE International Conference on Industrial and Information Systems ICIIS,C
IEEE International Conference on Information and Automation IEEE ICIA,C
IEEE International Conference on Information Integration and Reuse IEEE IRI,C
IEEE International Conference on Intelligence and Security Informatics ISI,C
IEEE International Conference on Intelligence for Homeland Security and Personal Safety CIHSPS,C
IEEE International Conference on Intelligent Computer Communication and Processing ICCP,C
IEEE International Conference on Intelligent Systems IEEE IS,C
IEEE International Conference on Mechatronics and Automation,B
IEEE International Conference on Mobile Ad-hoc and Sensor Systems MASS,B
IEEE International Conference on Multimedia and Expo ICME,B
IEEE International Conference on Networks ICON,B
IEEE International Conference on Neural Networks ICNN,B
IEEE International Conference on Parallel Processing Workshops WoPP,C
IEEE International Conference on Peer to Peer Computing P2P,C
IEEE International Conference on Pervasive Computing and Communications PERCOM,A
IEEE International Conference on Remote Frequency Identification IEEE RFID,B
IEEE International Conference on Robotics and Biomimetics,B
IEEE International Conference on Robots and Automation,A
IEEE International Conference on Service-Oriented Computing Applications SOCA,C
IEEE International Conference on Services Computing SCC,A
IEEE International Conference on Signal Processing and Communication ICSPC,C
IEEE International Conference on Software Maintenance ICSM,A
IEEE International Conference on Telecommunications ICT,C
IEEE International Conference on Web Services ICWS,A
"IEEE International Conference on Wireless and Mobile Computing, Networking and Communications WiMob",C
IEEE International Conference on Wireless Information Technology and Systems ICWITS,B
IEEE International Dynamic Spectrum Access Networks Symposium IEEE DYSPAN,B
IEEE International Enterprise Distributed Object Computing Conference EDOC,B
IEEE International Geoscience and Remote Sensing Symposium IGARSS,C
IEEE International High Level Design Validation and Test Workshop HLDVT,C
IEEE International Joint Conference on Neural Networks IJCNN,A
IEEE International Multioptic Conference INMIC,C
IEEE International On-Line Testing Symposium IOLTS,C
IEEE International Parallel and Distributed Processing Symposium (was IPPS and SPDP) IPDPS,A
IEEE International Performance Computing and Communications Conference IPCCC,B
IEEE International Requirements Engineering Conference RE,A
"IEEE International Symposium on a World of Wireless, Mobile and Multimedia Networks WoWMoM",A
IEEE International Symposium on Adaptive Dynamic Programming and Reinforcement Learning IEEE ADPRL,C
IEEE International Symposium on Artificial Life IEEE Alife,A
IEEE International Symposium on Biomedical Imaging,A
"IEEE International Symposium on Cluster, Cloud and Grid Computing CCGRID",A
IEEE International Symposium on Distributed Simulation and Real-time Applications IEEE DS-RT,B
IEEE International Symposium on Electronics and the Environment,B
IEEE International Symposium on High Assurance Systems Engineering HASE,B
IEEE International Symposium on Information Theory ISIT,B
IEEE International Symposium on Intelligent Control ISIC,B
IEEE International Symposium on Multimedia ISM,C
IEEE International Symposium on Network Computing and Applications IEEE NCA,A
IEEE International Symposium on Object-Oriented Real-Time Distributed Computing ISORC,C
IEEE International Symposium on Parallel and Distributed Processing with Applications ISPA,B
IEEE International Symposium on Performance Analysis of Systems and Software ISPASS,C
IEEE International Symposium on Personal and Indoor Mobile Radio Conference PIMRC,B
IEEE International Symposium on Security in Networks and Distributed Systems SSNDS,C
IEEE International Symposium on Wearable Computing ISWC,A
IEEE International Symposium on Web Systems Evolution WSE,C
IEEE International Test Conference ITC,B
IEEE International Working Conference on Mining Software Repositories MSR,C
IEEE International Workshop on Cellular Nanoscale Networks and Applications CNNA,C
IEEE International Workshop on Databases for Next-Generation Researchers SWOD,C
IEEE International Workshop on Future Trends of Distributed Computing Systems FTDCS,C
IEEE International Workshop on Neural Networks for Signal Processing NNSP,C
IEEE International Workshop on Object-Oriented Real-Time Dependable Systems WORDS,B
IEEE International Workshop on Quality of Service IWQoS,B
IEEE International Workshop on Source Code Analysis and Manipulation SCAM,C
IEEE International Workshop on the Value of Security through Collaboration SECOVAL,C
IEEE International Workshop on Visualizing Software for Understanding and Analysis VISSOFT,B
IEEE Knowledge and Data Engineering Exchange Workshop KDEEW,C
IEEE Latin-American Conference on Communications latincom,C
IEEE Network Operations and Management Symposium NOMS,B
IEEE Pacific Visualization Symposium (was APVIS) PacificVis,B
IEEE Real-Time and Embedded Technology and Applications Symposium RTAS,A
IEEE Software Engineering Workshop SEW,C
IEEE Swarm Intelligence Symposium IEEE SIS,C
IEEE Symposium on 3D User Interfaces 3DUI,B
IEEE Symposium on Advanced Management of Information for Globalized Enterprises AMIGE,C
IEEE Symposium on Computational Complexity CCC,A
IEEE Symposium on Computational Intelligence and Data Mining IEEE CIDM,C
IEEE Symposium on Computational Intelligence and Games CIG,C
IEEE Symposium on Computational Intelligence for Financial Engineering IEEE CIFEr,C
IEEE Symposium on Computational intelligence for Image Processing IEEE CIIP,C
IEEE Symposium on Computational intelligence for Multimedia Signal and Vision Processing IEEE CIMSVP,C
IEEE Symposium on Computational Intelligence for Security and Defence Applications IEEE CISDA,C
IEEE Symposium on Computational Intelligence in Bioinformatics and Computational Biology IEEE CIBCB,C
IEEE Symposium on Computational Intelligence in Control and Automation IEEE CICA,C
IEEE Symposium on Computational Intelligence in Cyber Security IEEE CICS,C
IEEE Symposium on Computational Intelligence in Image and Signal Processing CIISP,C
IEEE Symposium on Computational Intelligence in Multi-Criteria Decision-Making IEEE MCDM,C
IEEE Symposium on Computational Intelligence in Scheduling IEEE CI-Sched,C
IEEE Symposium on Computer Arithmetic ARITH,C
IEEE Symposium on Computers and Communications ISCC,B
IEEE Symposium on Foundations of Computer Science FOCS,A
IEEE Symposium on High-Performance Interconnects HOTI,B
IEEE Symposium on Intelligent Agents IEEE IA,C
IEEE Symposium on Logic in Computer Science LICS,A
IEEE Symposium on Rapid Prototyping RSP,C
IEEE Symposium on Security and Privacy S&P,A
IEEE Symposium on Visual Analytics Science and Technology IEEE VAST,C
IEEE Symposium on Visual Languages and Human-Centric Computing (was VL) VL/HCC,A
IEEE Symposium on VLSI Circuits VLSIC,A
IEEE Systems and Information Engineering Design Symposium SIEDS,C
IEEE Systems Conference SysCon,C
IEEE Tencon (IEEE Region 10 Conference) Tencon,C
IEEE Vehicular Technology Conference VTC,B
IEEE Virtual Reality Conference VR,B
IEEE Visualization IEEE VIS,A
IEEE Wireless Communications and Networking Conference WCNC,B
IEEE Working Conference on Reverse Engineering WCRE,B
IEEE Workshop on Advances in Techniques for Analysis of Remotely Sensed Data WARDS,C
IEEE Workshop on Applications of Computer Vision WACV,A
IEEE Workshop on Computational Intelligence for Visual Intelligence IEEE CIVI,C
IEEE Workshop on Computational Intelligence in Aerospace Applications IEEE CIAA,C
"IEEE Workshop on Computational Intelligence in Biometrics: Theory, Algorithms, and Applications IEEE CIB",C
IEEE Workshop on Computational Intelligence in Vehicles and Vehicular Systems IEEE CIWS,C
IEEE Workshop on Computational Intelligence in Virtual Environments IEEE CIVE,C
IEEE Workshop on Evolvable and Adaptive Hardware IEEE WEAH,C
IEEE Workshop on Evolving and Self-Developing Intelligent Systems IEEE ESDIS,C
IEEE Workshop on High Performance Switching and Routing HPSR,C
IEEE Workshop on Hot Topics in Web Systems and Technologies HotWeb,B
IEEE Workshop on Hybrid Intelligent Models and Applications IEEE HIMA,C
IEEE Workshop on Memetic Algorithms IEEE WOMA,C
IEEE Workshop On Mobile Computing Systems And Applications WMCSA,C
IEEE Workshop on Organic Computing IEEE OC,C
IEEE Workshop on Robotic Intelligence in Informationally Structured Space IEEE RiiSS,C
IEEE Workshop on Speech Coding SCW,C
IEEE Workshop on Wireless Mesh Networks WiMesh,C
IEEE World Congress on Computational Intelligence WCCI,A
IEEE WoWMoM Workshop on Hot Topics in Mesh Networking HotMESH,C
IEEE/ACIS International Conference on Computer and Information Science ICIS,C
IEEE/ACM International Conference on Computer-Aided Design ICCAD,A
IEEE/ACM International Conference on Grid Computing GRID,A
IEEE/ACM International Symposium on Mixed and Augmented Reality ISMAR,A
IEEE/IFAC Computer Aided Control System Design CACSD,B
IEEE/IFIP International Conference on Dependable Systems DSN,A
IEEE/IFIP International Conference on Embedded and Ubiquitous Computing EUC,C
IEEE/IFIP International Conference on Information Technology for Balanced Automation Systems BASYS,B
IEEE/IFIP International Symposium on Trusted Computing and Communications TrustCom,A
IEEE/IFIP Working Conference on Software Architecture (now with ECSA) WICSA,A
IEEE/RSJ International Conference on Intelligent Robots and Systems IROS,A
IEEE/WIC/ACM International Conference on Intelligent Agent Technology IAT,C
IEEE/WIC/ACM international Conference on Web Intelligence and Intelligent Agent Technology WI-IAT,C
IEEE-RAS International Conference on Humanoid Robots Humanoids,C
IFAC Conference on System Structure and Control SSC,C
"IFAC Symposium on Fault Detection, Supervision and Safety of Technical Processes SAFEProcess",C
IFIP Conference on Biologically Inspired Collaborative Computing BICC,C
IFIP Congress (Information Processing) Information Processing,C
IFIP International Conference on Broadband Communications BC,C
IFIP International Conference on Distributed Applications and Inoperable Systems DAIS,B
IFIP International Conference on Open Distributed Processing ODP,B
IFIP International Conference on Theoretical Computer Science IFIP TCS,C
IFIP International Information Security Conference IFIP SEC,B
"IFIP Joint International Conference on Formal Description Techniques and Protocol Specification, Testing, And Verification FORTE",A
IFIP Networking 200X Networking 200X,A
IFIP TC13 Conference on Human-Computer Interaction Interact,A
IFIP Working Conference on Visual Database Systems VDbS,C
IFIP Working Conferences on Virtual Enterprises PRO-VE,C
IFIP International Conference on Network and Parallel Computing NPC,C
IFIP/ACM Working Conference on Component Deployment CD,B
IFIP/IEEE International Symposium on Integrated Management (odd years sharing with NOMS) IM,A
IFIP/IEEE International Workshop on Distributed Systems Operations and Management DSOM,B
IFSA World Congress IFSA,B
IGIP - international Society for Engineering Education Annual Meeting,C
IMA International Conference on Cryptography and Coding,B
Image and Vision Computing Conference IVCNZ,B
Indoor Air IA,A
Inductive Logic Programming ILP,B
Industrial Simulation Conference ISC,C
Informatics Education Europe IEE,C
Information Integration and Web-based Applications and Services IIWAS,C
Information Processing in Sensor Networks IPSN,A
Information Security Conference ISC,B
Information Security Practice and Experience Conference ISPEC,B
Information Security Symposium CERIAS,C
Information Security Workshop ISW,C
Information Systems Education Conference ISECON,B
Information Systems Research Seminar in Scandinavia IRIS,C
Information Theory Workshop ITW,B
Information Visualisation Theory and Practice InfVis,C
Information Visualization Evaluation IVE,C
Information Visualization in Biomedical Informatics IVBI,C
Informing Science and Information Technology Education InSITE,C
Infrastructure and Environment (International Postgraduate Conference) IPC,B
Innovative Applications in AI IAAI,B
Innovative Internet Computer Systems IICS,C
Institute for Small Business and Entrepreneurship Annual Conference ISBE,C
Int. Workshop on Formal Methods for Industrial Critical Systems FMICS,C
Int. Workshop on Multi-Media Data Base Management Systems IW-MMDBMS,C
Integrated Data Environments Australia Workshop IDEAW,C
Integrated Formal Methods IFM,B
Integration of Software Engineering and Agent Technology ISEAT,B
"Intelligence Tools, Data Mining, Visualization IDV",C
Intelligent Data Analysis IDA,A
"Intelligent Multimedia, Video and Speech Processing Symposium MVSP",C
Intelligent Systems in Molecular Biology ISMB,A
Intelligent Vehicles Symposium IEEE IV,B
Intelligent Virtual Agents IVA,B
Interaction Interaction,C
Interaction Design and Children (ACM) IDC,B
Interactive Entertainment IE,B
Interior Design Educators Association (IDEA) Conference IDEA,B
Interiors Forum Scotland conference IFS,B
"Interiors Forum World, Politecnico di Milano IFW",B
International and Interdisciplinary Conference on Modelling and Using Context CONTEXT,C
International Association for the Study of Traditional Environments (US) IASTE,B
International Association of Ergonomics Societies Congress IEA,B
International Association of Societies of Design Research IASDR,B
International Atlantic Web Intelligence Conference AWIC,C
International Baltic Conference on Databases and Information Systems DB&IS,B
International Business Information Management IBIMA,B
International Cognitive Robotics Conference COGROBO,B
International Colloquium on Automata Languages and Programming ICALP,A
"International Colloquium on Data Sciences, Knowledge Discovery and Business Intelligence DSKDB",C
International Colloquium on Structural Information and Communication Complexity SIROCCO,B
International Colloquium on Theoretical Aspects of Computing ICTAC,B
International Command and Control Research and Technology Symposium ICCRTS,C
International Computer Science Conference ICSC,B
International Computer Science Symposium in Russia CSR,C
International Computer Software and Applications Conference COMPSAC,B
International Computing Education Research Workshop ICER,B
International Conference and Exhibition on High Performance Computing in the Asia-Pacific Region HPC Asia,B
"International Conference Computer Graphics, Imaging and Visualization CGIV",C
"International Conference for Bulk Materials Storage, Handling and Transportation",A
International Conference Formal Concept Analysis Conference ICFCA,C
"International Conference Imaging Science, Systems and Technology CISST",C
International Conference in Business Process Management BPM,A
"International Conference of Broadband Communication, Information Technology and Biomedical Applications broadcom",C
International Conference of Society for Group Decision and Negotiation GDN,B
International Conference of the International Association for Computer Methods and Advances in Geomechanics IACMAG,A
International Conference of Z and,B
International Conference of Z Users ZUSER,C
International Conference on 3G Mobile Communication Technologies 3G,C
International Conference on Adaptive and Natural Computing Algorithms ICANNGA,C
International Conference on AD-HOC Networks and Wireless ADHOC-NOW,B
International Conference on Advanced Computing and Communications AdCom,B
International Conference on Advanced Data Mining and Applications ADMA,B
International Conference on Advanced Information Management IMS,C
International Conference on Advanced Information Networking and Applications (was ICOIN) AINA,B
International Conference on Advanced Information Systems Engineering CaiSE,A
International Conference on Advanced Language Processing and Web Information Technology ALPIT,C
International Conference on Advanced Materials Processing,B
International Conference on Advances and Trends in Engineering Materials and Their Applications,A
International Conference on Advances in Computer-Human Interactions ACHI,C
"International Conference on Advances in Infrastructure for Electronic Business, Science, and Education on the Internet SSGRR",C
International Conference on Advances in Intelligent Systems: Theory and Applications AISTA,B
International Conference on Advances in Materials and Processing Technologies,A
International Conference on Advances in Mobile Computing and Multimedia MOMM,B
International Conference on Advances in Pattern Recognition and Digital Techniques ICAPRDT,C
International Conference on Affective Computing and Intelligent ACII,C
International Conference on Agents and Artificial Intelligence ICAART,C
International Conference On Agile Manufacturing,A
International Conference on Algebraic and Logic Programming ALP,B
International Conference on Algorithms and Architectures for Parallel Processing ICA3PP,B
International Conference on Algorithms and Complexity (was Italian Conference ) CIAC,C
International Conference on Applied Cryptography and Network Security ACNS,B
International Conference on Apps for Specific Array Processors ASAP,A
International Conference on Artificial Intelligence IC-AI,C
International Conference on Artificial Intelligence and Law ICAIL,C
International Conference on Artificial Intelligence and Pattern Recognition AIPR,C
International Conference on Artificial Intelligence and Soft Computing ICAISC,C
International Conference on Artificial Intelligence and Statistics AISTATS,B
International Conference on Artificial Intelligence in Science and Technology AISAT,C
International Conference on Artificial Neural Networks ICANN,B
International Conference on Artificial Reality and Telexistence ICAT,B
International Conference on Arts and Technology ArtsIT,C
International Conference on Automated Deduction CADE,A
International Conference on Automated Planning and Scheduling ICAPS,A
"International Conference on Automation, Robotics and Control Systems ARCS",C
International Conference on Autonomic and Trusted Computing ATC,C
International Conference on Autonomous Agents and Multiagent Systems AAMAS,A
"International Conference on Availability, Reliability and Security ARES",B
International Conference on Biomedical and Pharmaceutical Engineering,B
"International Conference on Broadband Communications, Networks and Systems Broadnets",B
International Conference on Business Information Systems BIS,B
"International Conference on CAD/CAM, Robotics and Factories of the Future RFF",C
International Conference on Case-Based Reasoning Research and Development ICCBR,C
International Conference on Chinese Computing ICCC,C
"International Conference on Civil, Structural and Environmental Engineering Computing CIVIL-COMP",A
International Conference on Cloud Computing CloudCom,C
International Conference on Coastal Engineering,A
"International Conference on Collaborative Computing: Networks, Applications and Worksharing CollaborateCom",C
International Conference on Communication System Software and Middleware COMSWARE,C
International Conference on Communications in Computing CIC,C
International Conference on Compiler Construction CC,A
"International Conference on Compilers, Architecture, and Synthesis for Embedded Systems CASES",A
International Conference on Complex Systems CxS,C
"International Conference on Complex, Intelligent and Software Intensive Systems CISIS",C
International Conference on Composite Materials,A
International Conference on Computability and Complexity in Analysis CCA,C
"International Conference on Computational Collective Intelligence: Semantic Web, Social Networks and Multiagent Systems ICCCI",C
International Conference on Computational Engineering Science ICES,C
International Conference on Computational Intelligence and Multimedia ICCIMA,C
International Conference on Computational Intelligence and Security CIS,C
International Conference on Computational Intelligence and Software Engineering CISE,C
"International Conference on Computational Intelligence for Modelling, Control and Automation CIMCA",C
"International Conference on Computational Intelligence, Robotics and Autonomous Systems CIRAS",C
International Conference on Computational Linguistics COLING,A
International Conference on Computational Molecular Biology RECOMB,B
International Conference on Computational Plasticity COMPLAS,A
International Conference on Computational Science ICCS,A
International Conference on Computational Science and Applications ICCSA,C
International Conference on Computational Semiotics for Games and New Media Cosign,C
International Conference on Computer Analysis of Images and Patterns CAIP,B
International Conference on Computer and Information Technology ICCIT,C
International Conference on Computer Graphics and Interactive Techniques in Australasia and Southeast Asia SIGGRAPH ASIA,B
International Conference on Computer Graphics Theory and Application GRAPP,A
"International Conference on Computer Graphics, Virtual Reality, Visualisation and Interaction in Africa AFRIGRAPH",C
International Conference on Computer Information Systems and Industrial Management Applications CISIM,C
"International Conference on Computer Safety, Reliability and Security SAFECOMP",B
International Conference on Computer Supported Cooperative Work in Design CSCWD,B
International Conference on Computer Theory and Applications ICCTA,C
International Conference on Computer Vision Systems ICVS,C
International Conference on Computers and their Applications CATA,C
International Conference on Computers Helping People with Special Needs ICCHP,C
International Conference on Computers in Education ICCE,B
International Conference on Computers in Urban Planning and Urban Management CUPUM,A
International Conference on Computing and Combinatorics COCOON,A
International Conference on Computing and Informatics ICOCI,C
International Conference on Conceptual Modelling ER,A
International Conference on Conceptual Structures ICCS,B
International Conference on Concurrency Theory CONCUR,A
International Conference on Construction and Real Estate Management ICCREM,B
International Conference on Construction Engineering and Management ICCEM,C
International Conference on Construction in Developing Countries ICCIDC,C
"International Conference on Control, Automation, Robotics and Vision ICARCV",A
International Conference on Convergence and Hybrid Information Technology ICHIT,C
International Conference on Cooperative Information Systems CoopIS,A
International Conference on Coordination Models and Languages Coordination,A
International Conference on Creating Connecting and Collaborating through Computing C5,C
International Conference on Cryptology and Network Security CANS,B
International Conference on Cryptology in India INDOCRYPT,B
International Conference on Cybercrime Forensics Education and Training CFET,C
International Conference on Cyberworlds (was International Symposium on Cyberworlds) CW,B
International Conference on Data Engineering ICDE,A
International Conference on Database and Expert Systems Applications DEXA,B
International Conference on Database Systems for Advanced Applications DSAA,C
International Conference on Database Theory ICDT,A
International Conference on Declarative Programming and Knowledge Management INAP,C
International Conference on Dependability of Computer Systems DEPCoS,C
"International Conference on Dependable, Autonomic and Secure Computing DASC",C
International Conference on Design Science Research in Information Systems and Technology DESRIST,A
International Conference on Design Theory and Methodology (ASME) DTM,A
"International Conference on Digital Content, Multimedia Technology and its Applications IDC",C
International Conference on Digital Government Research DGO,B
International Conference on Digital Society ICDS,C
International Conference on Discrete Geometry for Computer Imagery DGCI,C
International Conference on Discrete Mathematics and Theoretical Computer Science DMTCS,B
